,sample_id,year,qc_pass,study_id,region,country,country_id,site,site_id,ARTresistant,CQresistant,MQresistant,PPQresistant,PYRresistant,SDXresistant
24048,SPT43220,2010,True,1132,,Kenya,KE,Kilifi,Kilifi,sensitive,resistant,sensitive,sensitive,resistant,resistant
6491,PZ0005-C,2010,True,1024,,Uganda,UG,Apac,Apac,sensitive,resistant,sensitive,sensitive,resistant,undetermined
25634,SPT50188,2010,True,1132,,Kenya,KE,Kilifi,Kilifi,sensitive,sensitive,sensitive,sensitive,resistant,resistant
1980,PE0121-C,2010,True,1007,,Tanzania,TZ,Morogoro,Morogoro,sensitive,resistant,sensitive,sensitive,sensitive,resistant
24026,SPT43198,2010,True,1132,,Kenya,KE,Kilifi,Kilifi,sensitive,sensitive,sensitive,sensitive,sensitive,sensitive
1952,PE0022-C,2010,True,1007,,Tanzania,TZ,Morogoro,Morogoro,sensitive,resistant,sensitive,sensitive,resistant,resistant
23996,SPT43164,2010,True,1132,,Kenya,KE,Kilifi,Kilifi,sensitive,sensitive,sensitive,sensitive,resistant,sensitive
1992,PE0133-C,2010,True,1007,,Tanzania,TZ,Morogoro,Morogoro,sensitive,sensitive,sensitive,sensitive,resistant,resistant
24001,SPT43169,2010,True,1132,,Kenya,KE,Kilifi,Kilifi,sensitive,resistant,sensitive,sensitive,resistant,resistant
1949,PE0019-C,2010,True,1007,,Tanzania,TZ,Tanga,Tanga,sensitive,resistant,sensitive,sensitive,resistant,resistant
1987,PE0128-C,2010,True,1007,,Tanzania,TZ,Morogoro,Morogoro,sensitive,sensitive,sensitive,sensitive,resistant,sensitive
24018,SPT43188,2010,True,1132,,Kenya,KE,Kilifi,Kilifi,sensitive,sensitive,sensitive,sensitive,resistant,resistant
25639,SPT50193,2010,True,1132,,Kenya,KE,Kilifi,Kilifi,sensitive,sensitive,sensitive,sensitive,resistant,resistant
23987,SPT43155,2010,True,1132,,Kenya,KE,Kilifi,Kilifi,sensitive,sensitive,sensitive,sensitive,resistant,resistant
24057,SPT43230,2010,True,1132,,Kenya,KE,Kilifi,Kilifi,sensitive,sensitive,sensitive,sensitive,resistant,resistant
23986,SPT43154,2010,True,1132,,Kenya,KE,Kilifi,Kilifi,sensitive,sensitive,sensitive,sensitive,resistant,resistant
1958,PE0030-C,2010,True,1007,,Tanzania,TZ,Tanga,Tanga,sensitive,resistant,sensitive,sensitive,resistant,resistant
23989,SPT43157,2010,True,1132,,Kenya,KE,Kilifi,Kilifi,sensitive,sensitive,sensitive,sensitive,resistant,resistant
24047,SPT43219,2010,True,1132,,Kenya,KE,Kilifi,Kilifi,sensitive,resistant,sensitive,sensitive,resistant,resistant
1991,PE0132-C,2010,True,1007,,Tanzania,TZ,Morogoro,Morogoro,sensitive,sensitive,sensitive,sensitive,resistant,sensitive
1990,PE0131-C,2010,True,1007,,Tanzania,TZ,Morogoro,Morogoro,sensitive,sensitive,sensitive,sensitive,resistant,resistant
24027,SPT43199,2010,True,1132,,Kenya,KE,Kilifi,Kilifi,sensitive,sensitive,sensitive,sensitive,resistant,resistant
1997,PE0138-C,2010,True,1007,,Tanzania,TZ,Morogoro,Morogoro,sensitive,resistant,sensitive,sensitive,resistant,resistant
24041,SPT43213,2010,True,1132,,Kenya,KE,Kilifi,Kilifi,sensitive,sensitive,sensitive,sensitive,resistant,undetermined
6498,PZ0010-CW,2010,True,1024,,Uganda,UG,Apac,Apac,sensitive,resistant,sensitive,sensitive,resistant,resistant
1983,PE0124-C,2010,True,1007,,Tanzania,TZ,Tanga,Tanga,sensitive,resistant,sensitive,sensitive,resistant,resistant
23984,SPT43152,2010,True,1132,,Kenya,KE,Kilifi,Kilifi,sensitive,resistant,sensitive,sensitive,resistant,sensitive
24056,SPT43229,2010,True,1132,,Kenya,KE,Kilifi,Kilifi,sensitive,sensitive,undetermined,undetermined,sensitive,resistant
24002,SPT43170,2010,True,1132,,Kenya,KE,Kilifi,Kilifi,sensitive,sensitive,sensitive,sensitive,resistant,resistant
1951,PE0021-C,2010,True,1007,,Tanzania,TZ,Morogoro,Morogoro,sensitive,sensitive,sensitive,sensitive,resistant,resistant
24058,SPT43231,2010,True,1132,,Kenya,KE,Kilifi,Kilifi,sensitive,sensitive,undetermined,undetermined,resistant,resistant
2006,PE0147-C,2010,True,1007,,Tanzania,TZ,Tanga,Tanga,sensitive,resistant,sensitive,sensitive,resistant,resistant
24042,SPT43214,2010,True,1132,,Kenya,KE,Kilifi,Kilifi,sensitive,sensitive,sensitive,sensitive,resistant,undetermined
1988,PE0129-C,2010,True,1007,,Tanzania,TZ,Morogoro,Morogoro,sensitive,undetermined,sensitive,sensitive,undetermined,undetermined
1943,PE0012-C,2010,True,1007,,Tanzania,TZ,Tanga,Tanga,sensitive,resistant,sensitive,sensitive,resistant,resistant
24050,SPT43223,2010,True,1132,,Kenya,KE,Kilifi,Kilifi,sensitive,resistant,sensitive,sensitive,resistant,resistant
24052,SPT43225,2010,True,1132,,Kenya,KE,Kilifi,Kilifi,sensitive,sensitive,sensitive,sensitive,resistant,resistant
25641,SPT50195,2010,True,1132,,Kenya,KE,Kilifi,Kilifi,sensitive,sensitive,sensitive,sensitive,resistant,resistant
2003,PE0144-C,2010,True,1007,,Tanzania,TZ,Morogoro,Morogoro,sensitive,sensitive,sensitive,sensitive,undetermined,sensitive
1956,PE0027-C,2010,True,1007,,Tanzania,TZ,Morogoro,Morogoro,sensitive,resistant,sensitive,sensitive,resistant,undetermined
1950,PE0020-C,2010,True,1007,,Tanzania,TZ,Tanga,Tanga,sensitive,resistant,sensitive,sensitive,resistant,resistant
24038,SPT43210,2010,True,1132,,Kenya,KE,Kilifi,Kilifi,sensitive,resistant,sensitive,sensitive,sensitive,resistant
24005,SPT43175,2010,True,1132,,Kenya,KE,Kilifi,Kilifi,sensitive,sensitive,sensitive,sensitive,sensitive,resistant
25635,SPT50189,2010,True,1132,,Kenya,KE,Kilifi,Kilifi,sensitive,sensitive,sensitive,sensitive,resistant,resistant
6501,PZ0015-C,2010,True,1024,,Uganda,UG,Apac,Apac,sensitive,resistant,sensitive,sensitive,resistant,resistant
24015,SPT43185,2010,True,1132,,Kenya,KE,Kilifi,Kilifi,sensitive,resistant,sensitive,sensitive,resistant,resistant
25636,SPT50190,2010,True,1132,,Kenya,KE,Kilifi,Kilifi,sensitive,sensitive,sensitive,sensitive,resistant,sensitive
24030,SPT43202,2010,True,1132,,Kenya,KE,Kilifi,Kilifi,sensitive,undetermined,sensitive,sensitive,resistant,resistant
1938,PE0002-CW,2010,True,1007,,Tanzania,TZ,Tanga,Tanga,sensitive,resistant,sensitive,sensitive,resistant,resistant
23993,SPT43161,2010,True,1132,,Kenya,KE,Kilifi,Kilifi,sensitive,sensitive,sensitive,sensitive,resistant,resistant
23985,SPT43153,2010,True,1132,,Kenya,KE,Kilifi,Kilifi,sensitive,sensitive,sensitive,sensitive,resistant,resistant
1989,PE0130-C,2010,True,1007,,Tanzania,TZ,Morogoro,Morogoro,sensitive,sensitive,sensitive,sensitive,resistant,resistant
2001,PE0142-C,2010,True,1007,,Tanzania,TZ,Morogoro,Morogoro,sensitive,sensitive,sensitive,sensitive,undetermined,sensitive
23980,SPT43148,2010,True,1132,,Kenya,KE,Kilifi,Kilifi,sensitive,undetermined,sensitive,sensitive,resistant,resistant
1985,PE0126-C,2010,True,1007,,Tanzania,TZ,Morogoro,Morogoro,sensitive,sensitive,sensitive,sensitive,resistant,resistant
1986,PE0127-C,2010,True,1007,,Tanzania,TZ,Tanga,Tanga,sensitive,resistant,sensitive,sensitive,resistant,resistant
1984,PE0125-C,2010,True,1007,,Tanzania,TZ,Morogoro,Morogoro,sensitive,sensitive,sensitive,sensitive,resistant,sensitive
24040,SPT43212,2010,True,1132,,Kenya,KE,Kilifi,Kilifi,sensitive,sensitive,sensitive,sensitive,resistant,resistant
24004,SPT43172,2010,True,1132,,Kenya,KE,Kilifi,Kilifi,sensitive,resistant,sensitive,sensitive,resistant,resistant
25638,SPT50192,2010,True,1132,,Kenya,KE,Kilifi,Kilifi,sensitive,sensitive,sensitive,sensitive,resistant,resistant
2005,PE0146-C,2010,True,1007,,Tanzania,TZ,Morogoro,Morogoro,sensitive,sensitive,sensitive,sensitive,resistant,undetermined
1955,PE0025-C,2010,True,1007,,Tanzania,TZ,Morogoro,Morogoro,sensitive,resistant,sensitive,sensitive,resistant,resistant
24023,SPT43195,2010,True,1132,,Kenya,KE,Kilifi,Kilifi,sensitive,resistant,sensitive,sensitive,resistant,resistant
2000,PE0141-C,2010,True,1007,,Tanzania,TZ,Morogoro,Morogoro,sensitive,sensitive,sensitive,sensitive,resistant,sensitive
23988,SPT43156,2010,True,1132,,Kenya,KE,Kilifi,Kilifi,sensitive,sensitive,sensitive,sensitive,resistant,resistant
24037,SPT43209,2010,True,1132,,Kenya,KE,Kilifi,Kilifi,sensitive,resistant,sensitive,sensitive,resistant,resistant
6487,PZ0001-CW,2010,True,1024,,Uganda,UG,Apac,Apac,sensitive,sensitive,sensitive,sensitive,resistant,resistant
24016,SPT43186,2010,True,1132,,Kenya,KE,Kilifi,Kilifi,sensitive,sensitive,sensitive,sensitive,resistant,resistant
24032,SPT43204,2010,True,1132,,Kenya,KE,Kilifi,Kilifi,sensitive,undetermined,sensitive,sensitive,resistant,resistant
1994,PE0135-C,2010,True,1007,,Tanzania,TZ,Morogoro,Morogoro,sensitive,sensitive,sensitive,sensitive,resistant,sensitive
24006,SPT43176,2010,True,1132,,Kenya,KE,Kilifi,Kilifi,sensitive,resistant,sensitive,sensitive,resistant,resistant
25646,SPT50200,2011,True,1132,,Kenya,KE,Kilifi,Kilifi,sensitive,sensitive,sensitive,sensitive,resistant,resistant
24074,SPT43248,2011,True,1132,,Kenya,KE,Kilifi,Kilifi,sensitive,sensitive,sensitive,sensitive,resistant,resistant
24107,SPT43281,2011,True,1132,,Kenya,KE,Kilifi,Kilifi,sensitive,sensitive,sensitive,sensitive,resistant,resistant
24076,SPT43250,2011,True,1132,,Kenya,KE,Kilifi,Kilifi,sensitive,sensitive,sensitive,sensitive,resistant,resistant
24072,SPT43246,2011,True,1132,,Kenya,KE,Kilifi,Kilifi,sensitive,undetermined,sensitive,sensitive,resistant,resistant
25652,SPT50206,2011,True,1132,,Kenya,KE,Kilifi,Kilifi,sensitive,sensitive,sensitive,sensitive,resistant,resistant
25650,SPT50204,2011,True,1132,,Kenya,KE,Kilifi,Kilifi,sensitive,resistant,sensitive,sensitive,resistant,resistant
25649,SPT50203,2011,True,1132,,Kenya,KE,Kilifi,Kilifi,sensitive,sensitive,sensitive,sensitive,resistant,resistant
24084,SPT43258,2011,True,1132,,Kenya,KE,Kilifi,Kilifi,sensitive,sensitive,undetermined,undetermined,resistant,resistant
24112,SPT43286,2011,True,1132,,Kenya,KE,Kilifi,Kilifi,sensitive,sensitive,undetermined,sensitive,resistant,resistant
24096,SPT43270,2011,True,1132,,Kenya,KE,Kilifi,Kilifi,sensitive,sensitive,sensitive,sensitive,resistant,sensitive
24093,SPT43267,2011,True,1132,,Kenya,KE,Kilifi,Kilifi,sensitive,sensitive,sensitive,sensitive,resistant,resistant
25647,SPT50201,2011,True,1132,,Kenya,KE,Kilifi,Kilifi,sensitive,undetermined,sensitive,sensitive,resistant,resistant
24089,SPT43263,2011,True,1132,,Kenya,KE,Kilifi,Kilifi,sensitive,resistant,sensitive,sensitive,resistant,resistant
25643,SPT50197,2011,True,1132,,Kenya,KE,Kilifi,Kilifi,sensitive,sensitive,sensitive,sensitive,resistant,resistant
24095,SPT43269,2011,True,1132,,Kenya,KE,Kilifi,Kilifi,sensitive,resistant,sensitive,sensitive,resistant,resistant
24114,SPT43288,2011,True,1132,,Kenya,KE,Kilifi,Kilifi,sensitive,sensitive,sensitive,sensitive,resistant,resistant
24119,SPT43293,2011,True,1132,,Kenya,KE,Kilifi,Kilifi,sensitive,resistant,sensitive,sensitive,resistant,resistant
24092,SPT43266,2011,True,1132,,Kenya,KE,Kilifi,Kilifi,sensitive,undetermined,sensitive,sensitive,resistant,resistant
24079,SPT43253,2011,True,1132,,Kenya,KE,Kilifi,Kilifi,sensitive,sensitive,sensitive,sensitive,resistant,resistant
24075,SPT43249,2011,True,1132,,Kenya,KE,Kilifi,Kilifi,sensitive,sensitive,sensitive,sensitive,resistant,resistant
24106,SPT43280,2011,True,1132,,Kenya,KE,Kilifi,Kilifi,sensitive,sensitive,sensitive,sensitive,resistant,resistant
24099,SPT43273,2011,True,1132,,Kenya,KE,Kilifi,Kilifi,sensitive,sensitive,sensitive,sensitive,resistant,resistant
24116,SPT43290,2011,True,1132,,Kenya,KE,Kilifi,Kilifi,sensitive,sensitive,undetermined,undetermined,resistant,resistant
25648,SPT50202,2011,True,1132,,Kenya,KE,Kilifi,Kilifi,sensitive,sensitive,sensitive,sensitive,resistant,resistant
24082,SPT43256,2011,True,1132,,Kenya,KE,Kilifi,Kilifi,sensitive,sensitive,sensitive,sensitive,resistant,resistant
24070,SPT43243,2011,True,1132,,Kenya,KE,Kilifi,Kilifi,sensitive,resistant,sensitive,sensitive,resistant,resistant
24068,SPT43241,2011,True,1132,,Kenya,KE,Kilifi,Kilifi,sensitive,sensitive,sensitive,sensitive,resistant,sensitive
24077,SPT43251,2011,True,1132,,Kenya,KE,Kilifi,Kilifi,sensitive,sensitive,sensitive,sensitive,resistant,resistant
24098,SPT43272,2011,True,1132,,Kenya,KE,Kilifi,Kilifi,sensitive,undetermined,sensitive,sensitive,resistant,resistant
24063,SPT43236,2011,True,1132,,Kenya,KE,Kilifi,Kilifi,sensitive,sensitive,sensitive,sensitive,resistant,resistant
24105,SPT43279,2011,True,1132,,Kenya,KE,Kilifi,Kilifi,sensitive,sensitive,sensitive,sensitive,resistant,resistant
24067,SPT43240,2011,True,1132,,Kenya,KE,Kilifi,Kilifi,sensitive,sensitive,sensitive,sensitive,resistant,resistant
24113,SPT43287,2011,True,1132,,Kenya,KE,Kilifi,Kilifi,sensitive,sensitive,sensitive,sensitive,resistant,resistant
24066,SPT43239,2011,True,1132,,Kenya,KE,Kilifi,Kilifi,sensitive,sensitive,sensitive,sensitive,resistant,resistant
25651,SPT50205,2011,True,1132,,Kenya,KE,Kilifi,Kilifi,sensitive,sensitive,sensitive,sensitive,resistant,sensitive
24061,SPT43234,2011,True,1132,,Kenya,KE,Kilifi,Kilifi,sensitive,sensitive,sensitive,sensitive,resistant,undetermined
25644,SPT50198,2011,True,1132,,Kenya,KE,Kilifi,Kilifi,sensitive,sensitive,sensitive,sensitive,resistant,resistant
24085,SPT43259,2011,True,1132,,Kenya,KE,Kilifi,Kilifi,sensitive,sensitive,sensitive,sensitive,resistant,resistant
24059,SPT43232,2011,True,1132,,Kenya,KE,Kilifi,Kilifi,sensitive,resistant,sensitive,sensitive,resistant,resistant
24091,SPT43265,2011,True,1132,,Kenya,KE,Kilifi,Kilifi,sensitive,resistant,sensitive,sensitive,resistant,resistant
24097,SPT43271,2011,True,1132,,Kenya,KE,Kilifi,Kilifi,sensitive,resistant,sensitive,sensitive,resistant,resistant
24083,SPT43257,2011,True,1132,,Kenya,KE,Kilifi,Kilifi,sensitive,sensitive,sensitive,sensitive,resistant,resistant
24109,SPT43283,2011,True,1132,,Kenya,KE,Kilifi,Kilifi,sensitive,sensitive,sensitive,sensitive,resistant,resistant
24069,SPT43242,2011,True,1132,,Kenya,KE,Kilifi,Kilifi,sensitive,sensitive,sensitive,sensitive,resistant,resistant
24088,SPT43262,2011,True,1132,,Kenya,KE,Kilifi,Kilifi,sensitive,sensitive,sensitive,undetermined,resistant,resistant
24078,SPT43252,2011,True,1132,,Kenya,KE,Kilifi,Kilifi,sensitive,sensitive,sensitive,sensitive,resistant,resistant
24108,SPT43282,2011,True,1132,,Kenya,KE,Kilifi,Kilifi,sensitive,sensitive,sensitive,sensitive,resistant,resistant
24102,SPT43276,2011,True,1132,,Kenya,KE,Kilifi,Kilifi,sensitive,sensitive,sensitive,sensitive,resistant,resistant
24117,SPT43291,2011,True,1132,,Kenya,KE,Kilifi,Kilifi,sensitive,sensitive,sensitive,sensitive,resistant,resistant
24115,SPT43289,2011,True,1132,,Kenya,KE,Kilifi,Kilifi,sensitive,undetermined,sensitive,sensitive,resistant,resistant
24064,SPT43237,2011,True,1132,,Kenya,KE,Kilifi,Kilifi,sensitive,undetermined,sensitive,sensitive,resistant,resistant
24103,SPT43277,2011,True,1132,,Kenya,KE,Kilifi,Kilifi,sensitive,sensitive,sensitive,sensitive,resistant,resistant
25654,SPT50208,2011,True,1132,,Kenya,KE,Kilifi,Kilifi,sensitive,resistant,sensitive,sensitive,resistant,resistant
24060,SPT43233,2011,True,1132,,Kenya,KE,Kilifi,Kilifi,sensitive,sensitive,sensitive,sensitive,resistant,resistant
24086,SPT43260,2011,True,1132,,Kenya,KE,Kilifi,Kilifi,sensitive,sensitive,sensitive,sensitive,resistant,sensitive
24080,SPT43254,2011,True,1132,,Kenya,KE,Kilifi,Kilifi,sensitive,sensitive,sensitive,sensitive,resistant,resistant
25653,SPT50207,2011,True,1132,,Kenya,KE,Kilifi,Kilifi,sensitive,undetermined,sensitive,sensitive,resistant,resistant
24118,SPT43292,2011,True,1132,,Kenya,KE,Kilifi,Kilifi,sensitive,sensitive,sensitive,sensitive,resistant,resistant
24065,SPT43238,2011,True,1132,,Kenya,KE,Kilifi,Kilifi,sensitive,undetermined,sensitive,sensitive,resistant,undetermined
24090,SPT43264,2011,True,1132,,Kenya,KE,Kilifi,Kilifi,sensitive,sensitive,sensitive,sensitive,resistant,resistant
24071,SPT43244,2011,True,1132,,Kenya,KE,Kilifi,Kilifi,sensitive,resistant,sensitive,sensitive,resistant,resistant
24094,SPT43268,2011,True,1132,,Kenya,KE,Kilifi,Kilifi,sensitive,sensitive,sensitive,sensitive,resistant,resistant
24087,SPT43261,2011,True,1132,,Kenya,KE,Kilifi,Kilifi,sensitive,sensitive,sensitive,sensitive,resistant,resistant
24101,SPT43275,2011,True,1132,,Kenya,KE,Kilifi,Kilifi,sensitive,sensitive,undetermined,undetermined,resistant,resistant
24073,SPT43247,2011,True,1132,,Kenya,KE,Kilifi,Kilifi,sensitive,sensitive,sensitive,sensitive,resistant,resistant
24081,SPT43255,2011,True,1132,,Kenya,KE,Kilifi,Kilifi,sensitive,sensitive,undetermined,sensitive,resistant,resistant
24062,SPT43235,2011,True,1132,,Kenya,KE,Kilifi,Kilifi,sensitive,sensitive,sensitive,sensitive,resistant,resistant
24111,SPT43285,2011,True,1132,,Kenya,KE,Kilifi,Kilifi,sensitive,sensitive,sensitive,sensitive,resistant,resistant
25645,SPT50199,2011,True,1132,,Kenya,KE,Kilifi,Kilifi,sensitive,sensitive,sensitive,sensitive,resistant,resistant
24110,SPT43284,2011,True,1132,,Kenya,KE,Kilifi,Kilifi,sensitive,resistant,sensitive,sensitive,resistant,resistant
24129,SPT43303,2012,True,1132,,Kenya,KE,Kilifi,Kilifi,sensitive,resistant,sensitive,sensitive,resistant,resistant
24141,SPT43315,2012,True,1132,,Kenya,KE,Kilifi,Kilifi,sensitive,undetermined,sensitive,sensitive,resistant,resistant
24132,SPT43306,2012,True,1132,,Kenya,KE,Kilifi,Kilifi,sensitive,sensitive,sensitive,sensitive,resistant,resistant
24133,SPT43307,2012,True,1132,,Kenya,KE,Kilifi,Kilifi,sensitive,sensitive,undetermined,sensitive,resistant,resistant
24172,SPT43346,2012,True,1132,,Kenya,KE,Kilifi,Kilifi,sensitive,resistant,sensitive,sensitive,resistant,resistant
24134,SPT43308,2012,True,1132,,Kenya,KE,Kilifi,Kilifi,sensitive,sensitive,sensitive,sensitive,resistant,sensitive
24184,SPT43360,2012,True,1132,,Kenya,KE,Kilifi,Kilifi,sensitive,sensitive,sensitive,sensitive,resistant,resistant
24196,SPT43372,2012,True,1132,,Kenya,KE,Kilifi,Kilifi,sensitive,sensitive,sensitive,sensitive,resistant,resistant
24159,SPT43333,2012,True,1132,,Kenya,KE,Kilifi,Kilifi,sensitive,sensitive,sensitive,sensitive,resistant,resistant
24155,SPT43329,2012,True,1132,,Kenya,KE,Kilifi,Kilifi,sensitive,sensitive,sensitive,sensitive,resistant,resistant
24167,SPT43341,2012,True,1132,,Kenya,KE,Kilifi,Kilifi,sensitive,sensitive,sensitive,sensitive,resistant,resistant
26294,SPT50879,2012,True,1132,,Kenya,KE,Kilifi,Kilifi,undetermined,resistant,sensitive,sensitive,resistant,undetermined
24193,SPT43369,2012,True,1132,,Kenya,KE,Kilifi,Kilifi,sensitive,sensitive,sensitive,sensitive,resistant,resistant
24171,SPT43345,2012,True,1132,,Kenya,KE,Kilifi,Kilifi,sensitive,sensitive,sensitive,sensitive,resistant,sensitive
24125,SPT43299,2012,True,1132,,Kenya,KE,Kilifi,Kilifi,sensitive,sensitive,sensitive,sensitive,resistant,resistant
24123,SPT43297,2012,True,1132,,Kenya,KE,Kilifi,Kilifi,sensitive,sensitive,sensitive,sensitive,resistant,sensitive
24127,SPT43301,2012,True,1132,,Kenya,KE,Kilifi,Kilifi,sensitive,sensitive,sensitive,sensitive,resistant,resistant
24195,SPT43371,2012,True,1132,,Kenya,KE,Kilifi,Kilifi,sensitive,sensitive,sensitive,sensitive,resistant,undetermined
24168,SPT43342,2012,True,1132,,Kenya,KE,Kilifi,Kilifi,sensitive,sensitive,sensitive,sensitive,resistant,resistant
24142,SPT43316,2012,True,1132,,Kenya,KE,Kilifi,Kilifi,sensitive,sensitive,sensitive,sensitive,resistant,resistant
24170,SPT43344,2012,True,1132,,Kenya,KE,Kilifi,Kilifi,sensitive,sensitive,sensitive,sensitive,resistant,resistant
24179,SPT43355,2012,True,1132,,Kenya,KE,Kilifi,Kilifi,sensitive,sensitive,sensitive,sensitive,resistant,resistant
24164,SPT43338,2012,True,1132,,Kenya,KE,Kilifi,Kilifi,sensitive,sensitive,sensitive,sensitive,resistant,resistant
26293,SPT50878,2012,True,1132,,Kenya,KE,Kilifi,Kilifi,sensitive,resistant,undetermined,sensitive,resistant,sensitive
24194,SPT43370,2012,True,1132,,Kenya,KE,Kilifi,Kilifi,sensitive,sensitive,undetermined,undetermined,resistant,resistant
24180,SPT43356,2012,True,1132,,Kenya,KE,Kilifi,Kilifi,sensitive,sensitive,sensitive,sensitive,resistant,resistant
24185,SPT43361,2012,True,1132,,Kenya,KE,Kilifi,Kilifi,sensitive,sensitive,sensitive,sensitive,resistant,resistant
24149,SPT43323,2012,True,1132,,Kenya,KE,Kilifi,Kilifi,sensitive,sensitive,sensitive,sensitive,resistant,resistant
24128,SPT43302,2012,True,1132,,Kenya,KE,Kilifi,Kilifi,sensitive,sensitive,sensitive,sensitive,resistant,resistant
24165,SPT43339,2012,True,1132,,Kenya,KE,Kilifi,Kilifi,sensitive,sensitive,sensitive,sensitive,resistant,resistant
24147,SPT43321,2012,True,1132,,Kenya,KE,Kilifi,Kilifi,sensitive,resistant,sensitive,sensitive,resistant,resistant
24176,SPT43350,2012,True,1132,,Kenya,KE,Kilifi,Kilifi,sensitive,sensitive,sensitive,sensitive,resistant,resistant
24124,SPT43298,2012,True,1132,,Kenya,KE,Kilifi,Kilifi,sensitive,resistant,sensitive,sensitive,resistant,resistant
24131,SPT43305,2012,True,1132,,Kenya,KE,Kilifi,Kilifi,sensitive,undetermined,sensitive,sensitive,resistant,undetermined
24169,SPT43343,2012,True,1132,,Kenya,KE,Kilifi,Kilifi,sensitive,resistant,sensitive,sensitive,resistant,resistant
26295,SPT50880,2012,True,1132,,Kenya,KE,Kilifi,Kilifi,sensitive,undetermined,sensitive,sensitive,resistant,sensitive
24186,SPT43362,2012,True,1132,,Kenya,KE,Kilifi,Kilifi,sensitive,sensitive,sensitive,sensitive,resistant,resistant
24199,SPT43375,2012,True,1132,,Kenya,KE,Kilifi,Kilifi,sensitive,undetermined,undetermined,undetermined,resistant,resistant
24198,SPT43374,2012,True,1132,,Kenya,KE,Kilifi,Kilifi,sensitive,sensitive,sensitive,sensitive,resistant,resistant
24156,SPT43330,2012,True,1132,,Kenya,KE,Kilifi,Kilifi,sensitive,resistant,sensitive,sensitive,resistant,resistant
24150,SPT43324,2012,True,1132,,Kenya,KE,Kilifi,Kilifi,sensitive,sensitive,sensitive,sensitive,resistant,resistant
24151,SPT43325,2012,True,1132,,Kenya,KE,Kilifi,Kilifi,sensitive,sensitive,sensitive,sensitive,resistant,sensitive
24143,SPT43317,2012,True,1132,,Kenya,KE,Kilifi,Kilifi,sensitive,sensitive,sensitive,sensitive,resistant,resistant
24145,SPT43319,2012,True,1132,,Kenya,KE,Kilifi,Kilifi,sensitive,undetermined,sensitive,sensitive,resistant,resistant
24148,SPT43322,2012,True,1132,,Kenya,KE,Kilifi,Kilifi,sensitive,resistant,sensitive,sensitive,resistant,resistant
25655,SPT50209,2012,True,1132,,Kenya,KE,Kilifi,Kilifi,sensitive,sensitive,sensitive,sensitive,resistant,resistant
24120,SPT43294,2012,True,1132,,Kenya,KE,Kilifi,Kilifi,sensitive,sensitive,sensitive,sensitive,resistant,resistant
24173,SPT43347,2012,True,1132,,Kenya,KE,Kilifi,Kilifi,sensitive,sensitive,sensitive,sensitive,resistant,resistant
24138,SPT43312,2012,True,1132,,Kenya,KE,Kilifi,Kilifi,sensitive,sensitive,sensitive,sensitive,resistant,resistant
24161,SPT43335,2012,True,1132,,Kenya,KE,Kilifi,Kilifi,sensitive,sensitive,sensitive,sensitive,resistant,resistant
24162,SPT43336,2012,True,1132,,Kenya,KE,Kilifi,Kilifi,sensitive,sensitive,sensitive,sensitive,resistant,resistant
24154,SPT43328,2012,True,1132,,Kenya,KE,Kilifi,Kilifi,sensitive,resistant,sensitive,sensitive,resistant,resistant
24163,SPT43337,2012,True,1132,,Kenya,KE,Kilifi,Kilifi,sensitive,resistant,sensitive,sensitive,resistant,resistant
24174,SPT43348,2012,True,1132,,Kenya,KE,Kilifi,Kilifi,sensitive,sensitive,sensitive,undetermined,resistant,resistant
24126,SPT43300,2012,True,1132,,Kenya,KE,Kilifi,Kilifi,sensitive,sensitive,sensitive,sensitive,resistant,resistant
24200,SPT43376,2012,True,1132,,Kenya,KE,Kilifi,Kilifi,sensitive,sensitive,sensitive,sensitive,resistant,resistant
24187,SPT43363,2012,True,1132,,Kenya,KE,Kilifi,Kilifi,sensitive,sensitive,sensitive,undetermined,resistant,resistant
24183,SPT43359,2012,True,1132,,Kenya,KE,Kilifi,Kilifi,sensitive,sensitive,sensitive,sensitive,resistant,sensitive
24188,SPT43364,2012,True,1132,,Kenya,KE,Kilifi,Kilifi,sensitive,sensitive,sensitive,sensitive,resistant,resistant
24146,SPT43320,2012,True,1132,,Kenya,KE,Kilifi,Kilifi,sensitive,sensitive,sensitive,sensitive,resistant,resistant
26296,SPT50881,2012,True,1132,,Kenya,KE,Kilifi,Kilifi,undetermined,undetermined,sensitive,sensitive,resistant,sensitive
24157,SPT43331,2012,True,1132,,Kenya,KE,Kilifi,Kilifi,sensitive,undetermined,sensitive,sensitive,resistant,resistant
24189,SPT43365,2012,True,1132,,Kenya,KE,Kilifi,Kilifi,sensitive,resistant,sensitive,sensitive,resistant,resistant
24182,SPT43358,2012,True,1132,,Kenya,KE,Kilifi,Kilifi,sensitive,sensitive,sensitive,sensitive,resistant,sensitive
24140,SPT43314,2012,True,1132,,Kenya,KE,Kilifi,Kilifi,sensitive,resistant,sensitive,sensitive,resistant,resistant
24122,SPT43296,2012,True,1132,,Kenya,KE,Kilifi,Kilifi,sensitive,undetermined,sensitive,sensitive,resistant,resistant
24181,SPT43357,2012,True,1132,,Kenya,KE,Kilifi,Kilifi,sensitive,sensitive,sensitive,sensitive,resistant,resistant
24136,SPT43310,2012,True,1132,,Kenya,KE,Kilifi,Kilifi,sensitive,sensitive,sensitive,sensitive,resistant,resistant
24130,SPT43304,2012,True,1132,,Kenya,KE,Kilifi,Kilifi,sensitive,sensitive,sensitive,sensitive,resistant,resistant
24191,SPT43367,2012,True,1132,,Kenya,KE,Kilifi,Kilifi,sensitive,resistant,sensitive,sensitive,resistant,resistant
24144,SPT43318,2012,True,1132,,Kenya,KE,Kilifi,Kilifi,sensitive,sensitive,sensitive,sensitive,resistant,resistant
2079,PE0254-C,2013,True,1095,,Tanzania,TZ,Tanga,Tanga,sensitive,sensitive,sensitive,sensitive,resistant,resistant
2200,PE0423-C,2013,True,1095,,Tanzania,TZ,Lindi,Lindi,sensitive,sensitive,sensitive,sensitive,resistant,undetermined
26058,SPT50626,2013,True,1132,,Kenya,KE,Kilifi,Kilifi,sensitive,sensitive,sensitive,sensitive,resistant,resistant
25747,SPT50303,2013,True,1132,,Kenya,KE,Kilifi,Kilifi,sensitive,sensitive,undetermined,undetermined,resistant,resistant
2063,PE0227-C,2013,True,1095,,Tanzania,TZ,Tanga,Tanga,sensitive,sensitive,undetermined,sensitive,resistant,resistant
2089,PE0267-C,2013,True,1095,,Tanzania,TZ,Tanga,Tanga,sensitive,sensitive,sensitive,sensitive,resistant,resistant
2252,PE0500-C,2013,True,1095,,Tanzania,TZ,Kagera,Kagera,sensitive,sensitive,sensitive,sensitive,resistant,undetermined
2123,PE0308-C,2013,True,1095,,Tanzania,TZ,Tanga,Tanga,sensitive,sensitive,sensitive,sensitive,resistant,resistant
2241,PE0480-C,2013,True,1095,,Tanzania,TZ,Kagera,Kagera,sensitive,resistant,sensitive,sensitive,resistant,resistant
2177,PE0390-C,2013,True,1095,,Tanzania,TZ,Lindi,Lindi,sensitive,sensitive,sensitive,sensitive,resistant,resistant
26315,SPT50900,2013,True,1132,,Kenya,KE,Kilifi,Kilifi,sensitive,resistant,sensitive,sensitive,resistant,sensitive
2180,PE0395-C,2013,True,1095,,Tanzania,TZ,Lindi,Lindi,sensitive,sensitive,sensitive,sensitive,resistant,undetermined
2184,PE0401-C,2013,True,1095,,Tanzania,TZ,Lindi,Lindi,sensitive,sensitive,sensitive,sensitive,resistant,resistant
2073,PE0244-C,2013,True,1095,,Tanzania,TZ,Tanga,Tanga,sensitive,sensitive,sensitive,sensitive,resistant,resistant
2111,PE0292-C,2013,True,1095,,Tanzania,TZ,Tanga,Tanga,sensitive,sensitive,sensitive,sensitive,resistant,resistant
26160,SPT50729,2013,True,1132,,Kenya,KE,Kilifi,Kilifi,sensitive,sensitive,undetermined,sensitive,resistant,resistant
26313,SPT50898,2013,True,1132,,Kenya,KE,Kilifi,Kilifi,sensitive,resistant,sensitive,sensitive,resistant,resistant
2151,PE0350-C,2013,True,1095,,Tanzania,TZ,Lindi,Lindi,sensitive,sensitive,sensitive,sensitive,resistant,sensitive
2060,PE0224-C,2013,True,1095,,Tanzania,TZ,Tanga,Tanga,sensitive,sensitive,sensitive,sensitive,resistant,resistant
1969,PE0103-C,2013,True,1095,,Tanzania,TZ,Tanga,Tanga,sensitive,resistant,sensitive,sensitive,resistant,resistant
2187,PE0405-C,2013,True,1095,,Tanzania,TZ,Lindi,Lindi,sensitive,sensitive,sensitive,sensitive,resistant,resistant
2054,PE0215-C,2013,True,1095,,Tanzania,TZ,Tanga,Tanga,sensitive,sensitive,sensitive,sensitive,resistant,resistant
26189,SPT50758,2013,True,1132,,Kenya,KE,Kilifi,Kilifi,sensitive,resistant,sensitive,sensitive,resistant,resistant
2044,PE0202-C,2013,True,1095,,Tanzania,TZ,Tanga,Tanga,sensitive,sensitive,sensitive,sensitive,resistant,sensitive
1973,PE0111-C,2013,True,1095,,Tanzania,TZ,Tanga,Tanga,sensitive,resistant,sensitive,sensitive,resistant,resistant
25767,SPT50323,2013,True,1132,,Kenya,KE,Kilifi,Kilifi,sensitive,sensitive,sensitive,sensitive,resistant,resistant
2132,PE0319-C,2013,True,1095,,Tanzania,TZ,Tanga,Tanga,sensitive,sensitive,sensitive,sensitive,resistant,resistant
2281,PE0547-C,2013,True,1095,,Tanzania,TZ,Kagera,Kagera,sensitive,resistant,sensitive,sensitive,resistant,resistant
2271,PE0535-C,2013,True,1095,,Tanzania,TZ,Kagera,Kagera,sensitive,sensitive,sensitive,sensitive,resistant,resistant
2020,PE0166-C,2013,True,1095,,Tanzania,TZ,Tanga,Tanga,sensitive,sensitive,sensitive,sensitive,resistant,resistant
2213,PE0437-C,2013,True,1095,,Tanzania,TZ,Lindi,Lindi,sensitive,sensitive,sensitive,sensitive,resistant,resistant
2045,PE0203-C,2013,True,1095,,Tanzania,TZ,Tanga,Tanga,sensitive,sensitive,sensitive,sensitive,resistant,resistant
26177,SPT50746,2013,True,1132,,Kenya,KE,Kilifi,Kilifi,sensitive,resistant,undetermined,undetermined,resistant,resistant
2284,PE0553-C,2013,True,1095,,Tanzania,TZ,Kagera,Kagera,sensitive,sensitive,sensitive,sensitive,resistant,resistant
2029,PE0182-C,2013,True,1095,,Tanzania,TZ,Tanga,Tanga,sensitive,sensitive,sensitive,sensitive,resistant,sensitive
2217,PE0441-C,2013,True,1095,,Tanzania,TZ,Lindi,Lindi,sensitive,sensitive,sensitive,sensitive,resistant,resistant
2102,PE0281-C,2013,True,1095,,Tanzania,TZ,Tanga,Tanga,sensitive,sensitive,sensitive,sensitive,resistant,resistant
26059,SPT50627,2013,True,1132,,Kenya,KE,Kilifi,Kilifi,sensitive,sensitive,sensitive,sensitive,resistant,sensitive
2218,PE0442-C,2013,True,1095,,Tanzania,TZ,Lindi,Lindi,sensitive,sensitive,sensitive,sensitive,resistant,resistant
26164,SPT50733,2013,True,1132,,Kenya,KE,Kilifi,Kilifi,sensitive,sensitive,sensitive,sensitive,resistant,resistant
2165,PE0372-C,2013,True,1095,,Tanzania,TZ,Lindi,Lindi,sensitive,sensitive,sensitive,sensitive,resistant,undetermined
26190,SPT50759,2013,True,1132,,Kenya,KE,Kilifi,Kilifi,sensitive,undetermined,sensitive,sensitive,resistant,undetermined
2103,PE0282-C,2013,True,1095,,Tanzania,TZ,Tanga,Tanga,sensitive,sensitive,sensitive,sensitive,resistant,resistant
2067,PE0231-C,2013,True,1095,,Tanzania,TZ,Tanga,Tanga,sensitive,sensitive,sensitive,sensitive,resistant,resistant
2247,PE0492-C,2013,True,1095,,Tanzania,TZ,Kagera,Kagera,sensitive,sensitive,sensitive,sensitive,resistant,resistant
1961,PE0089-C,2013,True,1095,,Tanzania,TZ,Tanga,Tanga,sensitive,sensitive,sensitive,sensitive,resistant,resistant
26056,SPT50624,2013,True,1132,,Kenya,KE,Kilifi,Kilifi,sensitive,sensitive,sensitive,sensitive,resistant,sensitive
7905,QS0056-C,2013,True,1098,,Ethiopia,ET,Oromia,Oromia,sensitive,resistant,sensitive,sensitive,resistant,resistant
25665,SPT50219,2013,True,1132,,Kenya,KE,Kilifi,Kilifi,sensitive,sensitive,sensitive,sensitive,resistant,resistant
2215,PE0439-C,2013,True,1095,,Tanzania,TZ,Lindi,Lindi,sensitive,sensitive,sensitive,sensitive,resistant,resistant
2062,PE0226-C,2013,True,1095,,Tanzania,TZ,Tanga,Tanga,sensitive,sensitive,sensitive,sensitive,resistant,resistant
2082,PE0258-C,2013,True,1095,,Tanzania,TZ,Tanga,Tanga,sensitive,sensitive,sensitive,sensitive,resistant,resistant
2163,PE0370-C,2013,True,1095,,Tanzania,TZ,Lindi,Lindi,sensitive,sensitive,sensitive,sensitive,resistant,resistant
25756,SPT50312,2013,True,1132,,Kenya,KE,Kilifi,Kilifi,sensitive,sensitive,sensitive,sensitive,resistant,resistant
2019,PE0164-C,2013,True,1095,,Tanzania,TZ,Tanga,Tanga,sensitive,sensitive,sensitive,sensitive,resistant,resistant
26166,SPT50735,2013,True,1132,,Kenya,KE,Kilifi,Kilifi,sensitive,resistant,sensitive,sensitive,resistant,resistant
2179,PE0393-C,2013,True,1095,,Tanzania,TZ,Lindi,Lindi,sensitive,sensitive,sensitive,sensitive,resistant,resistant
26316,SPT50901,2013,True,1132,,Kenya,KE,Kilifi,Kilifi,sensitive,resistant,undetermined,sensitive,resistant,sensitive
2033,PE0187-C,2013,True,1095,,Tanzania,TZ,Tanga,Tanga,sensitive,sensitive,sensitive,sensitive,resistant,resistant
2093,PE0271-C,2013,True,1095,,Tanzania,TZ,Tanga,Tanga,sensitive,sensitive,sensitive,sensitive,resistant,resistant
2069,PE0234-C,2013,True,1095,,Tanzania,TZ,Tanga,Tanga,sensitive,sensitive,sensitive,sensitive,resistant,resistant
2261,PE0515-C,2013,True,1095,,Tanzania,TZ,Kagera,Kagera,sensitive,sensitive,sensitive,sensitive,resistant,resistant
26188,SPT50757,2013,True,1132,,Kenya,KE,Kilifi,Kilifi,sensitive,resistant,sensitive,sensitive,resistant,resistant
2232,PE0467-C,2013,True,1095,,Tanzania,TZ,Kagera,Kagera,sensitive,undetermined,sensitive,sensitive,resistant,sensitive
2170,PE0378-C,2013,True,1095,,Tanzania,TZ,Lindi,Lindi,sensitive,sensitive,sensitive,sensitive,resistant,resistant
25751,SPT50307,2013,True,1132,,Kenya,KE,Kilifi,Kilifi,sensitive,sensitive,undetermined,undetermined,resistant,resistant
26301,SPT50886,2013,True,1132,,Kenya,KE,Kilifi,Kilifi,sensitive,sensitive,sensitive,sensitive,sensitive,sensitive
26297,SPT50882,2013,True,1132,,Kenya,KE,Kilifi,Kilifi,sensitive,sensitive,sensitive,sensitive,resistant,resistant
2220,PE0445-C,2013,True,1095,,Tanzania,TZ,Lindi,Lindi,sensitive,sensitive,sensitive,sensitive,resistant,resistant
7911,QS0116-C,2013,True,1098,,Ethiopia,ET,Oromia,Oromia,sensitive,resistant,sensitive,sensitive,resistant,resistant
2056,PE0218-C,2013,True,1095,,Tanzania,TZ,Tanga,Tanga,sensitive,sensitive,sensitive,sensitive,resistant,resistant
851,PC0305-C,2014,True,1107,,Kenya,KE,Kisumu,Kisumu,sensitive,sensitive,sensitive,sensitive,resistant,resistant
17179,SPT15851,2014,True,1167,,Tanzania,TZ,Tanga,Tanga,sensitive,sensitive,sensitive,sensitive,resistant,resistant
17173,SPT15832,2014,True,1167,,Tanzania,TZ,Tanga,Tanga,sensitive,sensitive,sensitive,sensitive,resistant,sensitive
16979,SPT15591,2014,True,1167,,Tanzania,TZ,Kigoma,Kigoma,sensitive,sensitive,undetermined,undetermined,resistant,resistant
17127,SPT15756,2014,True,1167,,Tanzania,TZ,Tanga,Tanga,sensitive,sensitive,sensitive,sensitive,resistant,resistant
17028,SPT15646,2014,True,1167,,Tanzania,TZ,Kigoma,Kigoma,sensitive,sensitive,undetermined,undetermined,resistant,resistant
16940,SPT15548,2014,True,1167,,Tanzania,TZ,Kigoma,Kigoma,sensitive,sensitive,sensitive,sensitive,resistant,resistant
17096,SPT15721,2014,True,1167,,Tanzania,TZ,Tanga,Tanga,sensitive,sensitive,sensitive,sensitive,resistant,resistant
808,PC0193-C,2014,True,1107,,Kenya,KE,Kisumu,Kisumu,sensitive,sensitive,sensitive,sensitive,resistant,resistant
845,PC0288-C,2014,True,1107,,Kenya,KE,Kisumu,Kisumu,sensitive,sensitive,sensitive,sensitive,resistant,resistant
16982,SPT15594,2014,True,1167,,Tanzania,TZ,Kigoma,Kigoma,undetermined,sensitive,undetermined,undetermined,resistant,sensitive
17195,SPT15869,2014,True,1167,,Tanzania,TZ,Tanga,Tanga,sensitive,undetermined,sensitive,sensitive,resistant,resistant
25776,SPT50333,2014,True,1132,,Kenya,KE,Kilifi,Kilifi,sensitive,sensitive,sensitive,sensitive,resistant,resistant
822,PC0232-C,2014,True,1107,,Kenya,KE,Kisumu,Kisumu,sensitive,sensitive,sensitive,sensitive,resistant,resistant
16997,SPT15614,2014,True,1167,,Tanzania,TZ,Kigoma,Kigoma,sensitive,sensitive,undetermined,undetermined,resistant,resistant
25782,SPT50339,2014,True,1132,,Kenya,KE,Kilifi,Kilifi,sensitive,sensitive,sensitive,sensitive,resistant,resistant
17185,SPT15857,2014,True,1167,,Tanzania,TZ,Tanga,Tanga,sensitive,sensitive,sensitive,sensitive,resistant,resistant
16890,SPT15389,2014,True,1167,,Tanzania,TZ,Kigoma,Kigoma,sensitive,sensitive,sensitive,sensitive,resistant,resistant
16949,SPT15558,2014,True,1167,,Tanzania,TZ,Kigoma,Kigoma,sensitive,sensitive,undetermined,undetermined,resistant,resistant
25793,SPT50350,2014,True,1132,,Kenya,KE,Kilifi,Kilifi,sensitive,sensitive,sensitive,sensitive,resistant,resistant
17155,SPT15800,2014,True,1167,,Tanzania,TZ,Tanga,Tanga,sensitive,sensitive,sensitive,sensitive,resistant,resistant
850,PC0302-C,2014,True,1107,,Kenya,KE,Kisumu,Kisumu,sensitive,sensitive,sensitive,sensitive,resistant,resistant
17092,SPT15717,2014,True,1167,,Tanzania,TZ,Tanga,Tanga,sensitive,resistant,sensitive,sensitive,resistant,resistant
17036,SPT15655,2014,True,1167,,Tanzania,TZ,Kigoma,Kigoma,undetermined,undetermined,undetermined,undetermined,resistant,resistant
16876,SPT15342,2014,True,1167,,Tanzania,TZ,Kigoma,Kigoma,sensitive,sensitive,sensitive,sensitive,resistant,resistant
820,PC0229-C,2014,True,1107,,Kenya,KE,Kisumu,Kisumu,sensitive,sensitive,sensitive,sensitive,resistant,resistant
17176,SPT15846,2014,True,1167,,Tanzania,TZ,Tanga,Tanga,sensitive,sensitive,sensitive,sensitive,resistant,resistant
16941,SPT15549,2014,True,1167,,Tanzania,TZ,Kigoma,Kigoma,sensitive,sensitive,undetermined,undetermined,resistant,undetermined
17159,SPT15807,2014,True,1167,,Tanzania,TZ,Tanga,Tanga,sensitive,sensitive,sensitive,sensitive,resistant,resistant
25783,SPT50340,2014,True,1132,,Kenya,KE,Kilifi,Kilifi,sensitive,sensitive,sensitive,sensitive,resistant,resistant
17075,SPT15700,2014,True,1167,,Tanzania,TZ,Tanga,Tanga,sensitive,sensitive,undetermined,undetermined,resistant,resistant
17051,SPT15670,2014,True,1167,,Tanzania,TZ,Kigoma,Kigoma,sensitive,sensitive,undetermined,undetermined,resistant,resistant
16919,SPT15522,2014,True,1167,,Tanzania,TZ,Kigoma,Kigoma,sensitive,undetermined,sensitive,sensitive,resistant,resistant
16900,SPT15446,2014,True,1167,,Tanzania,TZ,Kigoma,Kigoma,sensitive,sensitive,sensitive,sensitive,resistant,resistant
16916,SPT15516,2014,True,1167,,Tanzania,TZ,Kigoma,Kigoma,sensitive,sensitive,sensitive,sensitive,resistant,sensitive
16999,SPT15616,2014,True,1167,,Tanzania,TZ,Kigoma,Kigoma,sensitive,sensitive,undetermined,undetermined,resistant,resistant
17154,SPT15799,2014,True,1167,,Tanzania,TZ,Tanga,Tanga,sensitive,sensitive,sensitive,sensitive,resistant,resistant
25794,SPT50351,2014,True,1132,,Kenya,KE,Kilifi,Kilifi,sensitive,sensitive,sensitive,sensitive,resistant,resistant
17133,SPT15766,2014,True,1167,,Tanzania,TZ,Tanga,Tanga,sensitive,sensitive,sensitive,sensitive,resistant,undetermined
17131,SPT15764,2014,True,1167,,Tanzania,TZ,Tanga,Tanga,sensitive,sensitive,sensitive,sensitive,resistant,sensitive
16909,SPT15483,2014,True,1167,,Tanzania,TZ,Kigoma,Kigoma,sensitive,sensitive,sensitive,sensitive,resistant,resistant
17035,SPT15654,2014,True,1167,,Tanzania,TZ,Kigoma,Kigoma,sensitive,sensitive,undetermined,undetermined,resistant,resistant
16911,SPT15491,2014,True,1167,,Tanzania,TZ,Kigoma,Kigoma,sensitive,sensitive,sensitive,sensitive,resistant,resistant
25672,SPT50226,2014,True,1132,,Kenya,KE,Kilifi,Kilifi,sensitive,sensitive,sensitive,sensitive,resistant,sensitive
16888,SPT15381,2014,True,1167,,Tanzania,TZ,Kigoma,Kigoma,sensitive,sensitive,sensitive,sensitive,resistant,resistant
825,PC0245-C,2014,True,1107,,Kenya,KE,Kisumu,Kisumu,sensitive,sensitive,sensitive,sensitive,resistant,resistant
17019,SPT15637,2014,True,1167,,Tanzania,TZ,Kigoma,Kigoma,sensitive,resistant,undetermined,undetermined,resistant,resistant
17106,SPT15731,2014,True,1167,,Tanzania,TZ,Tanga,Tanga,sensitive,sensitive,sensitive,sensitive,resistant,resistant
17031,SPT15650,2014,True,1167,,Tanzania,TZ,Kigoma,Kigoma,sensitive,sensitive,undetermined,undetermined,resistant,resistant
17012,SPT15630,2014,True,1167,,Tanzania,TZ,Kigoma,Kigoma,sensitive,sensitive,undetermined,sensitive,resistant,undetermined
16867,SPT15325,2014,True,1167,,Tanzania,TZ,Kigoma,Kigoma,sensitive,sensitive,sensitive,sensitive,resistant,resistant
17041,SPT15660,2014,True,1167,,Tanzania,TZ,Kigoma,Kigoma,sensitive,sensitive,undetermined,undetermined,resistant,resistant
17130,SPT15761,2014,True,1167,,Tanzania,TZ,Tanga,Tanga,sensitive,sensitive,sensitive,sensitive,resistant,resistant
17011,SPT15628,2014,True,1167,,Tanzania,TZ,Kigoma,Kigoma,sensitive,sensitive,undetermined,undetermined,resistant,resistant
25680,SPT50234,2014,True,1132,,Kenya,KE,Kilifi,Kilifi,sensitive,resistant,sensitive,sensitive,resistant,sensitive
17022,SPT15640,2014,True,1167,,Tanzania,TZ,Kigoma,Kigoma,sensitive,sensitive,undetermined,undetermined,resistant,sensitive
16977,SPT15589,2014,True,1167,,Tanzania,TZ,Kigoma,Kigoma,sensitive,sensitive,undetermined,undetermined,resistant,resistant
16962,SPT15571,2014,True,1167,,Tanzania,TZ,Kigoma,Kigoma,undetermined,sensitive,undetermined,undetermined,resistant,resistant
16955,SPT15564,2014,True,1167,,Tanzania,TZ,Kigoma,Kigoma,sensitive,sensitive,undetermined,undetermined,resistant,resistant
17002,SPT15619,2014,True,1167,,Tanzania,TZ,Kigoma,Kigoma,sensitive,sensitive,sensitive,sensitive,resistant,undetermined
17064,SPT15688,2014,True,1167,,Tanzania,TZ,Tanga,Tanga,sensitive,sensitive,undetermined,undetermined,resistant,resistant
25673,SPT50227,2014,True,1132,,Kenya,KE,Kilifi,Kilifi,sensitive,sensitive,sensitive,sensitive,resistant,resistant
17039,SPT15658,2014,True,1167,,Tanzania,TZ,Kigoma,Kigoma,sensitive,sensitive,undetermined,undetermined,resistant,resistant
16996,SPT15612,2014,True,1167,,Tanzania,TZ,Kigoma,Kigoma,sensitive,undetermined,undetermined,undetermined,resistant,resistant
26070,SPT50638,2014,True,1132,,Kenya,KE,Kilifi,Kilifi,sensitive,sensitive,sensitive,sensitive,resistant,resistant
17147,SPT15787,2014,True,1167,,Tanzania,TZ,Tanga,Tanga,sensitive,sensitive,sensitive,sensitive,resistant,undetermined
16864,SPT15304,2014,True,1167,,Tanzania,TZ,Kigoma,Kigoma,sensitive,sensitive,sensitive,sensitive,resistant,resistant
16956,SPT15565,2014,True,1167,,Tanzania,TZ,Kigoma,Kigoma,sensitive,sensitive,undetermined,undetermined,resistant,undetermined
16925,SPT15532,2014,True,1167,,Tanzania,TZ,Kigoma,Kigoma,undetermined,sensitive,undetermined,undetermined,resistant,undetermined
16971,SPT15580,2014,True,1167,,Tanzania,TZ,Kigoma,Kigoma,sensitive,sensitive,undetermined,undetermined,resistant,resistant
17009,SPT15626,2014,True,1167,,Tanzania,TZ,Kigoma,Kigoma,sensitive,undetermined,undetermined,undetermined,resistant,resistant
25802,SPT50359,2015,True,1132,,Kenya,KE,Kilifi,Kilifi,sensitive,sensitive,sensitive,sensitive,resistant,resistant
26080,SPT50648,2015,True,1132,,Kenya,KE,Kilifi,Kilifi,sensitive,undetermined,sensitive,sensitive,resistant,resistant
16245,SPT00899,2015,True,1146,,Sudan,SD,Kassala,Kassala,sensitive,resistant,sensitive,sensitive,resistant,resistant
22654,SPT38447,2015,True,1247,,Sudan,SD,Khartoum,Khartoum,undetermined,resistant,undetermined,undetermined,resistant,resistant
25693,SPT50247,2015,True,1132,,Kenya,KE,Kilifi,Kilifi,sensitive,sensitive,sensitive,sensitive,resistant,resistant
25801,SPT50358,2015,True,1132,,Kenya,KE,Kilifi,Kilifi,sensitive,sensitive,sensitive,sensitive,resistant,resistant
25687,SPT50241,2015,True,1132,,Kenya,KE,Kilifi,Kilifi,sensitive,sensitive,sensitive,sensitive,resistant,resistant
25808,SPT50365,2015,True,1132,,Kenya,KE,Kilifi,Kilifi,sensitive,sensitive,sensitive,sensitive,resistant,resistant
7926,QS0156-C,2015,True,1098,,Ethiopia,ET,Amhara,Amhara,sensitive,resistant,sensitive,sensitive,resistant,sensitive
25685,SPT50239,2015,True,1132,,Kenya,KE,Kilifi,Kilifi,sensitive,undetermined,sensitive,sensitive,resistant,resistant
16244,SPT00898,2015,True,1146,,Sudan,SD,Kassala,Kassala,sensitive,resistant,sensitive,sensitive,resistant,sensitive
25815,SPT50373,2015,True,1132,,Kenya,KE,Kilifi,Kilifi,sensitive,sensitive,sensitive,sensitive,resistant,resistant
26083,SPT50651,2015,True,1132,,Kenya,KE,Kilifi,Kilifi,sensitive,sensitive,sensitive,sensitive,resistant,resistant
7932,QS0163-C,2015,True,1098,,Ethiopia,ET,Amhara,Amhara,sensitive,resistant,sensitive,sensitive,resistant,resistant
25810,SPT50367,2015,True,1132,,Kenya,KE,Kilifi,Kilifi,sensitive,sensitive,sensitive,sensitive,resistant,sensitive
25691,SPT50245,2015,True,1132,,Kenya,KE,Kilifi,Kilifi,sensitive,sensitive,sensitive,sensitive,resistant,resistant
25799,SPT50356,2015,True,1132,,Kenya,KE,Kilifi,Kilifi,sensitive,sensitive,sensitive,sensitive,resistant,resistant
25689,SPT50243,2015,True,1132,,Kenya,KE,Kilifi,Kilifi,sensitive,sensitive,sensitive,sensitive,resistant,resistant
22658,SPT38454,2015,True,1247,,Sudan,SD,Khartoum,Khartoum,undetermined,resistant,undetermined,undetermined,undetermined,undetermined
7924,QS0154-C,2015,True,1098,,Ethiopia,ET,Amhara,Amhara,sensitive,resistant,sensitive,sensitive,resistant,resistant
25814,SPT50372,2015,True,1132,,Kenya,KE,Kilifi,Kilifi,sensitive,sensitive,sensitive,sensitive,resistant,resistant
26071,SPT50639,2015,True,1132,,Kenya,KE,Kilifi,Kilifi,sensitive,sensitive,sensitive,sensitive,resistant,resistant
26076,SPT50644,2015,True,1132,,Kenya,KE,Kilifi,Kilifi,sensitive,sensitive,sensitive,sensitive,resistant,resistant
16243,SPT00892,2015,True,1146,,Sudan,SD,Kassala,Kassala,sensitive,resistant,sensitive,sensitive,resistant,resistant
16249,SPT00903,2015,True,1146,,Sudan,SD,Kassala,Kassala,sensitive,resistant,sensitive,sensitive,resistant,resistant
22656,SPT38451,2015,True,1247,,Sudan,SD,Khartoum,Khartoum,undetermined,resistant,undetermined,undetermined,resistant,sensitive
7937,QS0169-C,2015,True,1098,,Ethiopia,ET,Amhara,Amhara,sensitive,resistant,sensitive,sensitive,resistant,resistant
26081,SPT50649,2015,True,1132,,Kenya,KE,Kilifi,Kilifi,sensitive,sensitive,sensitive,sensitive,resistant,resistant
22881,SPT38752,2015,True,1247,,Sudan,SD,Al Jazirah,Al Jazirah,sensitive,resistant,undetermined,undetermined,resistant,resistant
16247,SPT00901,2015,True,1146,,Sudan,SD,Kassala,Kassala,sensitive,resistant,sensitive,sensitive,resistant,resistant
25813,SPT50371,2015,True,1132,,Kenya,KE,Kilifi,Kilifi,sensitive,sensitive,sensitive,sensitive,resistant,resistant
26078,SPT50646,2015,True,1132,,Kenya,KE,Kilifi,Kilifi,sensitive,sensitive,sensitive,sensitive,resistant,resistant
25809,SPT50366,2015,True,1132,,Kenya,KE,Kilifi,Kilifi,sensitive,sensitive,sensitive,sensitive,resistant,resistant
25816,SPT50374,2015,True,1132,,Kenya,KE,Kilifi,Kilifi,sensitive,sensitive,sensitive,sensitive,resistant,resistant
7927,QS0157-C,2015,True,1098,,Ethiopia,ET,Amhara,Amhara,sensitive,resistant,sensitive,sensitive,resistant,resistant
26074,SPT50642,2015,True,1132,,Kenya,KE,Kilifi,Kilifi,sensitive,sensitive,sensitive,sensitive,resistant,resistant
25804,SPT50361,2015,True,1132,,Kenya,KE,Kilifi,Kilifi,sensitive,sensitive,sensitive,sensitive,resistant,resistant
25688,SPT50242,2015,True,1132,,Kenya,KE,Kilifi,Kilifi,sensitive,sensitive,sensitive,sensitive,resistant,resistant
22659,SPT38455,2015,True,1247,,Sudan,SD,Khartoum,Khartoum,undetermined,resistant,undetermined,undetermined,undetermined,resistant
16248,SPT00902,2015,True,1146,,Sudan,SD,Kassala,Kassala,sensitive,resistant,sensitive,sensitive,resistant,resistant
25812,SPT50369,2015,True,1132,,Kenya,KE,Kilifi,Kilifi,sensitive,sensitive,sensitive,sensitive,resistant,resistant
16242,SPT00890,2015,True,1146,,Sudan,SD,Kassala,Kassala,sensitive,sensitive,undetermined,undetermined,resistant,sensitive
25806,SPT50363,2015,True,1132,,Kenya,KE,Kilifi,Kilifi,sensitive,sensitive,sensitive,sensitive,resistant,resistant
16241,SPT00889,2015,True,1146,,Sudan,SD,Kassala,Kassala,sensitive,sensitive,undetermined,undetermined,resistant,resistant
26072,SPT50640,2015,True,1132,,Kenya,KE,Kilifi,Kilifi,sensitive,sensitive,sensitive,sensitive,resistant,resistant
26073,SPT50641,2015,True,1132,,Kenya,KE,Kilifi,Kilifi,sensitive,sensitive,sensitive,sensitive,resistant,resistant
26082,SPT50650,2015,True,1132,,Kenya,KE,Kilifi,Kilifi,sensitive,sensitive,sensitive,sensitive,resistant,resistant
22657,SPT38452,2015,True,1247,,Sudan,SD,Khartoum,Khartoum,undetermined,sensitive,undetermined,undetermined,resistant,undetermined
26319,SPT50904,2015,True,1132,,Kenya,KE,Kilifi,Kilifi,sensitive,resistant,sensitive,sensitive,resistant,resistant
7931,QS0162-C,2015,True,1098,,Ethiopia,ET,Amhara,Amhara,sensitive,resistant,sensitive,sensitive,resistant,resistant
25694,SPT50248,2015,True,1132,,Kenya,KE,Kilifi,Kilifi,sensitive,sensitive,sensitive,sensitive,resistant,resistant
25800,SPT50357,2015,True,1132,,Kenya,KE,Kilifi,Kilifi,sensitive,sensitive,sensitive,sensitive,resistant,undetermined
7938,QS0170-C,2015,True,1098,,Ethiopia,ET,Amhara,Amhara,sensitive,resistant,sensitive,sensitive,resistant,resistant
16239,SPT00883,2015,True,1146,,Sudan,SD,Kassala,Kassala,sensitive,undetermined,sensitive,sensitive,resistant,resistant
22653,SPT38446,2015,True,1247,,Sudan,SD,Khartoum,Khartoum,undetermined,resistant,undetermined,undetermined,resistant,undetermined
26084,SPT50652,2015,True,1132,,Kenya,KE,Kilifi,Kilifi,sensitive,sensitive,sensitive,sensitive,resistant,resistant
26079,SPT50647,2015,True,1132,,Kenya,KE,Kilifi,Kilifi,sensitive,sensitive,sensitive,sensitive,resistant,resistant
25803,SPT50360,2015,True,1132,,Kenya,KE,Kilifi,Kilifi,sensitive,resistant,sensitive,sensitive,resistant,resistant
22660,SPT38460,2015,True,1247,,Sudan,SD,Khartoum,Khartoum,undetermined,sensitive,undetermined,undetermined,undetermined,resistant
26075,SPT50643,2015,True,1132,,Kenya,KE,Kilifi,Kilifi,sensitive,sensitive,undetermined,sensitive,resistant,resistant
25692,SPT50246,2015,True,1132,,Kenya,KE,Kilifi,Kilifi,sensitive,sensitive,sensitive,sensitive,resistant,resistant
26077,SPT50645,2015,True,1132,,Kenya,KE,Kilifi,Kilifi,sensitive,sensitive,sensitive,sensitive,resistant,resistant
25811,SPT50368,2015,True,1132,,Kenya,KE,Kilifi,Kilifi,sensitive,undetermined,sensitive,sensitive,resistant,resistant
25686,SPT50240,2015,True,1132,,Kenya,KE,Kilifi,Kilifi,sensitive,sensitive,sensitive,sensitive,resistant,resistant
22869,SPT38731,2015,True,1247,,Sudan,SD,Kassala,Kassala,undetermined,resistant,undetermined,undetermined,resistant,sensitive
7925,QS0155-C,2015,True,1098,,Ethiopia,ET,Amhara,Amhara,sensitive,resistant,sensitive,sensitive,resistant,resistant
25805,SPT50362,2015,True,1132,,Kenya,KE,Kilifi,Kilifi,sensitive,sensitive,sensitive,sensitive,resistant,resistant
25807,SPT50364,2015,True,1132,,Kenya,KE,Kilifi,Kilifi,sensitive,sensitive,sensitive,sensitive,resistant,resistant
25684,SPT50238,2015,True,1132,,Kenya,KE,Kilifi,Kilifi,sensitive,sensitive,sensitive,sensitive,resistant,resistant
7929,QS0159-C,2015,True,1098,,Ethiopia,ET,Amhara,Amhara,sensitive,resistant,sensitive,sensitive,resistant,sensitive
7936,QS0168-C,2015,True,1098,,Ethiopia,ET,Amhara,Amhara,sensitive,resistant,sensitive,sensitive,resistant,resistant
22759,SPT38595,2016,True,1247,,Sudan,SD,Blue Nile,Blue Nile,undetermined,resistant,undetermined,undetermined,resistant,sensitive
22713,SPT38540,2016,True,1247,,Sudan,SD,Khartoum,Khartoum,sensitive,sensitive,sensitive,sensitive,resistant,sensitive
25828,SPT50387,2016,True,1132,,Kenya,KE,Kilifi,Kilifi,sensitive,sensitive,sensitive,sensitive,resistant,resistant
22710,SPT38537,2016,True,1247,,Sudan,SD,Khartoum,Khartoum,sensitive,resistant,undetermined,undetermined,resistant,resistant
22695,SPT38519,2016,True,1247,,Sudan,SD,Khartoum,Khartoum,sensitive,resistant,undetermined,undetermined,resistant,resistant
25827,SPT50386,2016,True,1132,,Kenya,KE,Kilifi,Kilifi,sensitive,sensitive,sensitive,sensitive,resistant,resistant
22682,SPT38504,2016,True,1247,,Sudan,SD,Khartoum,Khartoum,sensitive,sensitive,undetermined,undetermined,resistant,sensitive
26099,SPT50667,2016,True,1132,,Kenya,KE,Kilifi,Kilifi,sensitive,sensitive,sensitive,sensitive,resistant,resistant
22680,SPT38502,2016,True,1247,,Sudan,SD,Khartoum,Khartoum,undetermined,sensitive,undetermined,undetermined,resistant,resistant
26096,SPT50664,2016,True,1132,,Kenya,KE,Kilifi,Kilifi,sensitive,sensitive,sensitive,sensitive,resistant,resistant
26321,SPT50906,2016,True,1132,,Kenya,KE,Kilifi,Kilifi,sensitive,resistant,sensitive,sensitive,resistant,resistant
25833,SPT50392,2016,True,1132,,Kenya,KE,Kilifi,Kilifi,sensitive,sensitive,undetermined,undetermined,resistant,resistant
22843,SPT38688,2016,True,1247,,Sudan,SD,Kassala,Kassala,undetermined,resistant,undetermined,undetermined,resistant,resistant
25842,SPT50401,2016,True,1132,,Kenya,KE,Kilifi,Kilifi,sensitive,sensitive,sensitive,sensitive,resistant,resistant
25822,SPT50380,2016,True,1132,,Kenya,KE,Kilifi,Kilifi,sensitive,sensitive,sensitive,sensitive,resistant,resistant
26095,SPT50663,2016,True,1132,,Kenya,KE,Kilifi,Kilifi,sensitive,sensitive,sensitive,sensitive,resistant,resistant
22848,SPT38695,2016,True,1247,,Sudan,SD,Kassala,Kassala,undetermined,resistant,undetermined,undetermined,resistant,resistant
22846,SPT38692,2016,True,1247,,Sudan,SD,Kassala,Kassala,sensitive,resistant,undetermined,undetermined,resistant,resistant
26091,SPT50659,2016,True,1132,,Kenya,KE,Kilifi,Kilifi,sensitive,undetermined,sensitive,sensitive,resistant,resistant
26093,SPT50661,2016,True,1132,,Kenya,KE,Kilifi,Kilifi,sensitive,undetermined,sensitive,sensitive,resistant,resistant
26087,SPT50655,2016,True,1132,,Kenya,KE,Kilifi,Kilifi,sensitive,sensitive,sensitive,sensitive,resistant,resistant
22708,SPT38534,2016,True,1247,,Sudan,SD,Khartoum,Khartoum,sensitive,resistant,undetermined,undetermined,resistant,resistant
22851,SPT38699,2016,True,1247,,Sudan,SD,Kassala,Kassala,sensitive,sensitive,undetermined,undetermined,resistant,resistant
25840,SPT50399,2016,True,1132,,Kenya,KE,Kilifi,Kilifi,sensitive,sensitive,sensitive,sensitive,resistant,resistant
25831,SPT50390,2016,True,1132,,Kenya,KE,Kilifi,Kilifi,sensitive,sensitive,sensitive,sensitive,resistant,resistant
25839,SPT50398,2016,True,1132,,Kenya,KE,Kilifi,Kilifi,sensitive,sensitive,sensitive,sensitive,resistant,resistant
25841,SPT50400,2016,True,1132,,Kenya,KE,Kilifi,Kilifi,sensitive,sensitive,sensitive,sensitive,resistant,sensitive
26090,SPT50658,2016,True,1132,,Kenya,KE,Kilifi,Kilifi,sensitive,sensitive,sensitive,sensitive,resistant,resistant
22860,SPT38713,2016,True,1247,,Sudan,SD,Kassala,Kassala,undetermined,sensitive,undetermined,undetermined,undetermined,resistant
25468,SPT46448,2016,True,1263,,Tanzania,TZ,Pwani,Pwani,sensitive,sensitive,sensitive,sensitive,resistant,undetermined
25821,SPT50379,2016,True,1132,,Kenya,KE,Kilifi,Kilifi,sensitive,sensitive,sensitive,sensitive,resistant,resistant
22844,SPT38690,2016,True,1247,,Sudan,SD,Kassala,Kassala,undetermined,sensitive,undetermined,undetermined,resistant,sensitive
25823,SPT50381,2016,True,1132,,Kenya,KE,Kilifi,Kilifi,sensitive,sensitive,sensitive,sensitive,resistant,resistant
22664,SPT38467,2016,True,1247,,Sudan,SD,Khartoum,Khartoum,undetermined,resistant,undetermined,undetermined,resistant,sensitive
26100,SPT50668,2016,True,1132,,Kenya,KE,Kilifi,Kilifi,sensitive,sensitive,sensitive,sensitive,resistant,resistant
25837,SPT50396,2016,True,1132,,Kenya,KE,Kilifi,Kilifi,sensitive,sensitive,sensitive,sensitive,resistant,resistant
25836,SPT50395,2016,True,1132,,Kenya,KE,Kilifi,Kilifi,sensitive,sensitive,sensitive,sensitive,resistant,resistant
25830,SPT50389,2016,True,1132,,Kenya,KE,Kilifi,Kilifi,sensitive,sensitive,sensitive,sensitive,resistant,resistant
25407,SPT46381,2016,True,1263,,Tanzania,TZ,Pwani,Pwani,sensitive,sensitive,sensitive,sensitive,resistant,resistant
26089,SPT50657,2016,True,1132,,Kenya,KE,Kilifi,Kilifi,sensitive,undetermined,sensitive,sensitive,resistant,resistant
26086,SPT50654,2016,True,1132,,Kenya,KE,Kilifi,Kilifi,sensitive,sensitive,sensitive,sensitive,resistant,resistant
25432,SPT46408,2016,True,1263,,Tanzania,TZ,Pwani,Pwani,sensitive,sensitive,undetermined,undetermined,resistant,resistant
25819,SPT50377,2016,True,1132,,Kenya,KE,Kilifi,Kilifi,sensitive,sensitive,sensitive,sensitive,resistant,resistant
26186,SPT50755,2016,True,1132,,Kenya,KE,Kilifi,Kilifi,sensitive,sensitive,undetermined,sensitive,resistant,resistant
25442,SPT46420,2016,True,1263,,Tanzania,TZ,Pwani,Pwani,sensitive,sensitive,undetermined,undetermined,resistant,resistant
26320,SPT50905,2016,True,1132,,Kenya,KE,Kilifi,Kilifi,sensitive,undetermined,sensitive,sensitive,resistant,resistant
25820,SPT50378,2016,True,1132,,Kenya,KE,Kilifi,Kilifi,sensitive,sensitive,sensitive,sensitive,resistant,resistant
25824,SPT50382,2016,True,1132,,Kenya,KE,Kilifi,Kilifi,sensitive,sensitive,sensitive,sensitive,resistant,resistant
25845,SPT50404,2016,True,1132,,Kenya,KE,Kilifi,Kilifi,sensitive,sensitive,sensitive,sensitive,resistant,resistant
22704,SPT38530,2016,True,1247,,Sudan,SD,Khartoum,Khartoum,sensitive,sensitive,undetermined,undetermined,resistant,sensitive
26098,SPT50666,2016,True,1132,,Kenya,KE,Kilifi,Kilifi,sensitive,sensitive,sensitive,sensitive,resistant,resistant
26097,SPT50665,2016,True,1132,,Kenya,KE,Kilifi,Kilifi,sensitive,sensitive,sensitive,sensitive,resistant,resistant
25695,SPT50249,2016,True,1132,,Kenya,KE,Kilifi,Kilifi,sensitive,sensitive,sensitive,sensitive,resistant,resistant
26085,SPT50653,2016,True,1132,,Kenya,KE,Kilifi,Kilifi,sensitive,sensitive,sensitive,sensitive,resistant,resistant
25843,SPT50402,2016,True,1132,,Kenya,KE,Kilifi,Kilifi,sensitive,sensitive,sensitive,sensitive,resistant,resistant
25835,SPT50394,2016,True,1132,,Kenya,KE,Kilifi,Kilifi,sensitive,undetermined,sensitive,sensitive,resistant,undetermined
25834,SPT50393,2016,True,1132,,Kenya,KE,Kilifi,Kilifi,sensitive,sensitive,sensitive,sensitive,resistant,resistant
22853,SPT38704,2016,True,1247,,Sudan,SD,Kassala,Kassala,undetermined,resistant,undetermined,undetermined,resistant,resistant
26092,SPT50660,2016,True,1132,,Kenya,KE,Kilifi,Kilifi,sensitive,sensitive,sensitive,sensitive,resistant,resistant
25825,SPT50383,2016,True,1132,,Kenya,KE,Kilifi,Kilifi,sensitive,sensitive,sensitive,sensitive,resistant,resistant
25818,SPT50376,2016,True,1132,,Kenya,KE,Kilifi,Kilifi,sensitive,sensitive,sensitive,sensitive,resistant,resistant
22857,SPT38709,2016,True,1247,,Sudan,SD,Kassala,Kassala,undetermined,sensitive,undetermined,undetermined,resistant,resistant
22707,SPT38533,2016,True,1247,,Sudan,SD,Khartoum,Khartoum,sensitive,resistant,undetermined,undetermined,resistant,resistant
22669,SPT38487,2016,True,1247,,Sudan,SD,Khartoum,Khartoum,undetermined,resistant,undetermined,undetermined,resistant,sensitive
25829,SPT50388,2016,True,1132,,Kenya,KE,Kilifi,Kilifi,sensitive,sensitive,sensitive,sensitive,resistant,resistant
25696,SPT50250,2016,True,1132,,Kenya,KE,Kilifi,Kilifi,sensitive,sensitive,sensitive,sensitive,resistant,resistant
26094,SPT50662,2016,True,1132,,Kenya,KE,Kilifi,Kilifi,sensitive,sensitive,sensitive,sensitive,resistant,resistant
25826,SPT50385,2016,True,1132,,Kenya,KE,Kilifi,Kilifi,sensitive,sensitive,sensitive,sensitive,resistant,resistant
25832,SPT50391,2016,True,1132,,Kenya,KE,Kilifi,Kilifi,sensitive,sensitive,sensitive,sensitive,resistant,resistant
25817,SPT50375,2016,True,1132,,Kenya,KE,Kilifi,Kilifi,sensitive,sensitive,sensitive,sensitive,resistant,sensitive
26088,SPT50656,2016,True,1132,,Kenya,KE,Kilifi,Kilifi,sensitive,sensitive,sensitive,sensitive,resistant,resistant
22560,SPT38318,2017,True,1247,,Sudan,SD,Khartoum,Khartoum,sensitive,resistant,undetermined,undetermined,resistant,resistant
22546,SPT38304,2017,True,1247,,Sudan,SD,Khartoum,Khartoum,undetermined,sensitive,undetermined,undetermined,resistant,resistant
22629,SPT38390,2017,True,1247,,Sudan,SD,Khartoum,Khartoum,undetermined,resistant,undetermined,undetermined,resistant,sensitive
26102,SPT50670,2017,True,1132,,Kenya,KE,Kilifi,Kilifi,sensitive,sensitive,sensitive,sensitive,resistant,resistant
22565,SPT38323,2017,True,1247,,Sudan,SD,Khartoum,Khartoum,sensitive,sensitive,undetermined,undetermined,resistant,resistant
22616,SPT38376,2017,True,1247,,Sudan,SD,Khartoum,Khartoum,undetermined,sensitive,undetermined,undetermined,sensitive,undetermined
26109,SPT50677,2017,True,1132,,Kenya,KE,Kilifi,Kilifi,sensitive,sensitive,sensitive,sensitive,resistant,resistant
22601,SPT38361,2017,True,1247,,Sudan,SD,Khartoum,Khartoum,undetermined,resistant,undetermined,undetermined,resistant,sensitive
22643,SPT38422,2017,True,1247,,Sudan,SD,North Kordofan,North Kordofan,undetermined,sensitive,undetermined,undetermined,resistant,resistant
25850,SPT50411,2017,True,1132,,Kenya,KE,Kilifi,Kilifi,sensitive,sensitive,sensitive,sensitive,resistant,resistant
22585,SPT38345,2017,True,1247,,Sudan,SD,Khartoum,Khartoum,undetermined,sensitive,undetermined,undetermined,resistant,resistant
22596,SPT38356,2017,True,1247,,Sudan,SD,Khartoum,Khartoum,undetermined,resistant,undetermined,undetermined,resistant,resistant
25859,SPT50422,2017,True,1132,,Kenya,KE,Kilifi,Kilifi,sensitive,sensitive,sensitive,sensitive,resistant,resistant
25698,SPT50252,2017,True,1132,,Kenya,KE,Kilifi,Kilifi,sensitive,sensitive,sensitive,sensitive,resistant,resistant
25868,SPT50432,2017,True,1132,,Kenya,KE,Kilifi,Kilifi,sensitive,sensitive,sensitive,sensitive,resistant,resistant
22588,SPT38348,2017,True,1247,,Sudan,SD,Khartoum,Khartoum,undetermined,sensitive,undetermined,undetermined,resistant,resistant
26107,SPT50675,2017,True,1132,,Kenya,KE,Kilifi,Kilifi,sensitive,sensitive,sensitive,sensitive,resistant,resistant
22584,SPT38344,2017,True,1247,,Sudan,SD,Khartoum,Khartoum,undetermined,resistant,undetermined,undetermined,resistant,resistant
22632,SPT38393,2017,True,1247,,Sudan,SD,Khartoum,Khartoum,sensitive,resistant,undetermined,undetermined,resistant,sensitive
26118,SPT50686,2017,True,1132,,Kenya,KE,Kilifi,Kilifi,undetermined,sensitive,sensitive,sensitive,resistant,resistant
25847,SPT50407,2017,True,1132,,Kenya,KE,Kilifi,Kilifi,sensitive,sensitive,sensitive,sensitive,resistant,resistant
22620,SPT38380,2017,True,1247,,Sudan,SD,Khartoum,Khartoum,sensitive,sensitive,undetermined,undetermined,resistant,sensitive
22599,SPT38359,2017,True,1247,,Sudan,SD,Khartoum,Khartoum,sensitive,resistant,undetermined,undetermined,resistant,resistant
22608,SPT38368,2017,True,1247,,Sudan,SD,Khartoum,Khartoum,sensitive,sensitive,undetermined,undetermined,resistant,sensitive
22628,SPT38389,2017,True,1247,,Sudan,SD,Khartoum,Khartoum,undetermined,resistant,undetermined,undetermined,resistant,sensitive
22649,SPT38429,2017,True,1247,,Sudan,SD,North Kordofan,North Kordofan,undetermined,resistant,undetermined,undetermined,undetermined,resistant
26111,SPT50679,2017,True,1132,,Kenya,KE,Kilifi,Kilifi,sensitive,sensitive,sensitive,sensitive,resistant,resistant
22574,SPT38333,2017,True,1247,,Sudan,SD,Khartoum,Khartoum,undetermined,sensitive,undetermined,undetermined,resistant,resistant
22571,SPT38330,2017,True,1247,,Sudan,SD,Khartoum,Khartoum,sensitive,sensitive,undetermined,undetermined,resistant,sensitive
22549,SPT38307,2017,True,1247,,Sudan,SD,Khartoum,Khartoum,undetermined,resistant,undetermined,undetermined,resistant,resistant
22640,SPT38416,2017,True,1247,,Sudan,SD,North Kordofan,North Kordofan,sensitive,resistant,undetermined,undetermined,resistant,resistant
22630,SPT38391,2017,True,1247,,Sudan,SD,Khartoum,Khartoum,undetermined,undetermined,undetermined,undetermined,undetermined,undetermined
25902,SPT50466,2017,True,1132,,Kenya,KE,Kilifi,Kilifi,sensitive,sensitive,sensitive,sensitive,resistant,resistant
22648,SPT38428,2017,True,1247,,Sudan,SD,North Kordofan,North Kordofan,undetermined,resistant,undetermined,undetermined,resistant,resistant
22583,SPT38343,2017,True,1247,,Sudan,SD,Khartoum,Khartoum,undetermined,resistant,undetermined,undetermined,resistant,undetermined
22547,SPT38305,2017,True,1247,,Sudan,SD,Khartoum,Khartoum,undetermined,resistant,undetermined,undetermined,resistant,undetermined
25851,SPT50412,2017,True,1132,,Kenya,KE,Kilifi,Kilifi,sensitive,sensitive,sensitive,sensitive,resistant,resistant
22600,SPT38360,2017,True,1247,,Sudan,SD,Khartoum,Khartoum,sensitive,resistant,undetermined,undetermined,resistant,resistant
22581,SPT38341,2017,True,1247,,Sudan,SD,Khartoum,Khartoum,sensitive,sensitive,undetermined,undetermined,resistant,resistant
25863,SPT50427,2017,True,1132,,Kenya,KE,Kilifi,Kilifi,sensitive,sensitive,sensitive,sensitive,resistant,resistant
22597,SPT38357,2017,True,1247,,Sudan,SD,Khartoum,Khartoum,sensitive,resistant,undetermined,undetermined,undetermined,resistant
22646,SPT38426,2017,True,1247,,Sudan,SD,North Kordofan,North Kordofan,undetermined,undetermined,undetermined,undetermined,resistant,resistant
25864,SPT50428,2017,True,1132,,Kenya,KE,Kilifi,Kilifi,sensitive,sensitive,sensitive,sensitive,resistant,resistant
22604,SPT38364,2017,True,1247,,Sudan,SD,Khartoum,Khartoum,undetermined,resistant,undetermined,undetermined,resistant,resistant
25865,SPT50429,2017,True,1132,,Kenya,KE,Kilifi,Kilifi,sensitive,sensitive,undetermined,sensitive,resistant,resistant
25856,SPT50418,2017,True,1132,,Kenya,KE,Kilifi,Kilifi,sensitive,sensitive,sensitive,sensitive,resistant,resistant
25697,SPT50251,2017,True,1132,,Kenya,KE,Kilifi,Kilifi,sensitive,sensitive,sensitive,sensitive,resistant,resistant
25855,SPT50417,2017,True,1132,,Kenya,KE,Kilifi,Kilifi,sensitive,sensitive,sensitive,sensitive,resistant,resistant
22627,SPT38388,2017,True,1247,,Sudan,SD,Khartoum,Khartoum,undetermined,resistant,undetermined,undetermined,sensitive,sensitive
26323,SPT50908,2017,True,1132,,Kenya,KE,Kilifi,Kilifi,sensitive,resistant,sensitive,sensitive,resistant,undetermined
22570,SPT38329,2017,True,1247,,Sudan,SD,Khartoum,Khartoum,undetermined,resistant,undetermined,undetermined,resistant,undetermined
22578,SPT38337,2017,True,1247,,Sudan,SD,Khartoum,Khartoum,sensitive,resistant,undetermined,undetermined,resistant,resistant
26106,SPT50674,2017,True,1132,,Kenya,KE,Kilifi,Kilifi,sensitive,sensitive,sensitive,sensitive,resistant,resistant
22575,SPT38334,2017,True,1247,,Sudan,SD,Khartoum,Khartoum,sensitive,sensitive,undetermined,undetermined,resistant,resistant
22612,SPT38372,2017,True,1247,,Sudan,SD,Khartoum,Khartoum,undetermined,resistant,undetermined,undetermined,resistant,resistant
25860,SPT50423,2017,True,1132,,Kenya,KE,Kilifi,Kilifi,sensitive,sensitive,sensitive,sensitive,resistant,resistant
22603,SPT38363,2017,True,1247,,Sudan,SD,Khartoum,Khartoum,sensitive,resistant,undetermined,undetermined,resistant,sensitive
22613,SPT38373,2017,True,1247,,Sudan,SD,Khartoum,Khartoum,undetermined,sensitive,undetermined,undetermined,resistant,resistant
25861,SPT50425,2017,True,1132,,Kenya,KE,Kilifi,Kilifi,sensitive,sensitive,sensitive,sensitive,resistant,resistant
22553,SPT38311,2017,True,1247,,Sudan,SD,Khartoum,Khartoum,sensitive,resistant,undetermined,undetermined,resistant,sensitive
22587,SPT38347,2017,True,1247,,Sudan,SD,Khartoum,Khartoum,sensitive,sensitive,undetermined,undetermined,resistant,resistant
22595,SPT38355,2017,True,1247,,Sudan,SD,Khartoum,Khartoum,undetermined,sensitive,undetermined,undetermined,resistant,sensitive
25852,SPT50414,2017,True,1132,,Kenya,KE,Kilifi,Kilifi,sensitive,sensitive,sensitive,sensitive,resistant,resistant
22548,SPT38306,2017,True,1247,,Sudan,SD,Khartoum,Khartoum,undetermined,undetermined,undetermined,undetermined,resistant,undetermined
22638,SPT38413,2017,True,1247,,Sudan,SD,North Kordofan,North Kordofan,sensitive,resistant,undetermined,undetermined,resistant,sensitive
22559,SPT38317,2017,True,1247,,Sudan,SD,Khartoum,Khartoum,sensitive,sensitive,undetermined,undetermined,resistant,resistant
25866,SPT50430,2017,True,1132,,Kenya,KE,Kilifi,Kilifi,sensitive,sensitive,sensitive,sensitive,resistant,resistant
26119,SPT50687,2017,True,1132,,Kenya,KE,Kilifi,Kilifi,sensitive,sensitive,sensitive,sensitive,resistant,resistant
22557,SPT38315,2017,True,1247,,Sudan,SD,Khartoum,Khartoum,sensitive,sensitive,undetermined,undetermined,resistant,sensitive
22573,SPT38332,2017,True,1247,,Sudan,SD,Khartoum,Khartoum,sensitive,resistant,undetermined,undetermined,resistant,sensitive
22637,SPT38412,2017,True,1247,,Sudan,SD,North Kordofan,North Kordofan,sensitive,undetermined,undetermined,undetermined,undetermined,undetermined
25889,SPT50453,2018,True,1132,,Kenya,KE,Kilifi,Kilifi,sensitive,sensitive,sensitive,sensitive,resistant,resistant
27384,SPT53797,2018,True,1262,,Kenya,KE,Kilifi,Kilifi,sensitive,sensitive,sensitive,sensitive,resistant,resistant
26203,SPT50772,2018,True,1132,,Kenya,KE,Kilifi,Kilifi,sensitive,sensitive,sensitive,sensitive,resistant,resistant
26330,SPT50915,2018,True,1132,,Kenya,KE,Kilifi,Kilifi,sensitive,sensitive,sensitive,sensitive,resistant,resistant
25890,SPT50454,2018,True,1132,,Kenya,KE,Kilifi,Kilifi,sensitive,sensitive,sensitive,sensitive,resistant,resistant
27482,SPT53897,2018,True,1262,,Kenya,KE,Kilifi,Kilifi,sensitive,sensitive,undetermined,undetermined,resistant,resistant
27295,SPT53707,2018,True,1262,,Kenya,KE,Kilifi,Kilifi,sensitive,sensitive,sensitive,sensitive,resistant,resistant
27484,SPT53899,2018,True,1262,,Kenya,KE,Kilifi,Kilifi,sensitive,sensitive,sensitive,sensitive,resistant,resistant
26327,SPT50912,2018,True,1132,,Kenya,KE,Kilifi,Kilifi,sensitive,sensitive,sensitive,sensitive,resistant,resistant
27327,SPT53739,2018,True,1262,,Kenya,KE,Kilifi,Kilifi,sensitive,sensitive,sensitive,sensitive,resistant,resistant
27459,SPT53874,2018,True,1262,,Kenya,KE,Kilifi,Kilifi,undetermined,sensitive,sensitive,sensitive,resistant,resistant
27288,SPT53700,2018,True,1262,,Kenya,KE,Kilifi,Kilifi,sensitive,sensitive,undetermined,undetermined,resistant,resistant
26329,SPT50914,2018,True,1132,,Kenya,KE,Kilifi,Kilifi,sensitive,sensitive,sensitive,sensitive,resistant,resistant
27391,SPT53804,2018,True,1262,,Kenya,KE,Kilifi,Kilifi,sensitive,sensitive,sensitive,sensitive,resistant,resistant
25898,SPT50462,2018,True,1132,,Kenya,KE,Kilifi,Kilifi,sensitive,sensitive,sensitive,sensitive,resistant,resistant
24203,SPT43390,2018,True,1132,,Kenya,KE,Kilifi,Kilifi,sensitive,sensitive,undetermined,sensitive,resistant,resistant
27435,SPT53849,2018,True,1262,,Kenya,KE,Kilifi,Kilifi,sensitive,sensitive,sensitive,sensitive,resistant,resistant
25888,SPT50452,2018,True,1132,,Kenya,KE,Kilifi,Kilifi,sensitive,sensitive,sensitive,sensitive,resistant,resistant
27393,SPT53806,2018,True,1262,,Kenya,KE,Kilifi,Kilifi,sensitive,sensitive,undetermined,sensitive,resistant,resistant
27386,SPT53799,2018,True,1262,,Kenya,KE,Kilifi,Kilifi,sensitive,sensitive,undetermined,undetermined,resistant,resistant
27286,SPT53698,2018,True,1262,,Kenya,KE,Kilifi,Kilifi,sensitive,sensitive,sensitive,sensitive,resistant,resistant
26210,SPT50779,2018,True,1132,,Kenya,KE,Kilifi,Kilifi,sensitive,undetermined,sensitive,sensitive,resistant,resistant
27464,SPT53879,2018,True,1262,,Kenya,KE,Kilifi,Kilifi,sensitive,sensitive,sensitive,sensitive,resistant,resistant
27365,SPT53778,2018,True,1262,,Kenya,KE,Kilifi,Kilifi,sensitive,sensitive,undetermined,undetermined,resistant,resistant
27293,SPT53705,2018,True,1262,,Kenya,KE,Kilifi,Kilifi,undetermined,sensitive,undetermined,undetermined,resistant,resistant
27414,SPT53828,2018,True,1262,,Kenya,KE,Kilifi,Kilifi,sensitive,sensitive,undetermined,undetermined,resistant,resistant
26369,SPT50954,2018,True,1132,,Kenya,KE,Kilifi,Kilifi,undetermined,sensitive,sensitive,sensitive,resistant,resistant
27480,SPT53895,2018,True,1262,,Kenya,KE,Kilifi,Kilifi,sensitive,sensitive,sensitive,sensitive,resistant,resistant
27431,SPT53845,2018,True,1262,,Kenya,KE,Kilifi,Kilifi,sensitive,sensitive,sensitive,sensitive,resistant,resistant
26212,SPT50781,2018,True,1132,,Kenya,KE,Kilifi,Kilifi,sensitive,sensitive,sensitive,sensitive,resistant,resistant
24204,SPT43391,2018,True,1132,,Kenya,KE,Kilifi,Kilifi,sensitive,sensitive,sensitive,sensitive,resistant,resistant
25894,SPT50458,2018,True,1132,,Kenya,KE,Kilifi,Kilifi,sensitive,sensitive,sensitive,sensitive,resistant,resistant
27390,SPT53803,2018,True,1262,,Kenya,KE,Kilifi,Kilifi,sensitive,undetermined,sensitive,sensitive,resistant,resistant
27378,SPT53791,2018,True,1262,,Kenya,KE,Kilifi,Kilifi,sensitive,sensitive,undetermined,undetermined,resistant,resistant
27461,SPT53876,2018,True,1262,,Kenya,KE,Kilifi,Kilifi,sensitive,sensitive,undetermined,undetermined,resistant,resistant
27306,SPT53718,2018,True,1262,,Kenya,KE,Kilifi,Kilifi,sensitive,sensitive,sensitive,sensitive,resistant,resistant
27452,SPT53867,2018,True,1262,,Kenya,KE,Kilifi,Kilifi,sensitive,sensitive,undetermined,sensitive,resistant,resistant
27433,SPT53847,2018,True,1262,,Kenya,KE,Kilifi,Kilifi,sensitive,sensitive,sensitive,sensitive,resistant,resistant
27312,SPT53724,2018,True,1262,,Kenya,KE,Kilifi,Kilifi,undetermined,sensitive,sensitive,sensitive,resistant,resistant
27407,SPT53821,2018,True,1262,,Kenya,KE,Kilifi,Kilifi,sensitive,sensitive,sensitive,sensitive,resistant,resistant
27324,SPT53736,2018,True,1262,,Kenya,KE,Kilifi,Kilifi,sensitive,sensitive,sensitive,sensitive,resistant,resistant
27280,SPT53692,2018,True,1262,,Kenya,KE,Kilifi,Kilifi,sensitive,sensitive,sensitive,sensitive,resistant,resistant
27342,SPT53754,2018,True,1262,,Kenya,KE,Kilifi,Kilifi,sensitive,sensitive,undetermined,undetermined,resistant,resistant
25895,SPT50459,2018,True,1132,,Kenya,KE,Kilifi,Kilifi,sensitive,sensitive,sensitive,sensitive,resistant,resistant
27505,SPT53920,2018,True,1262,,Kenya,KE,Kilifi,Kilifi,sensitive,sensitive,sensitive,sensitive,resistant,resistant
26367,SPT50952,2018,True,1132,,Kenya,KE,Kilifi,Kilifi,sensitive,sensitive,sensitive,sensitive,resistant,resistant
27285,SPT53697,2018,True,1262,,Kenya,KE,Kilifi,Kilifi,sensitive,sensitive,sensitive,sensitive,resistant,resistant
27349,SPT53762,2018,True,1262,,Kenya,KE,Kilifi,Kilifi,sensitive,sensitive,undetermined,sensitive,resistant,resistant
27297,SPT53709,2018,True,1262,,Kenya,KE,Kilifi,Kilifi,sensitive,sensitive,sensitive,sensitive,resistant,resistant
27426,SPT53840,2018,True,1262,,Kenya,KE,Kilifi,Kilifi,sensitive,sensitive,sensitive,sensitive,resistant,resistant
27332,SPT53744,2018,True,1262,,Kenya,KE,Kilifi,Kilifi,sensitive,sensitive,sensitive,sensitive,resistant,resistant
27438,SPT53852,2018,True,1262,,Kenya,KE,Kilifi,Kilifi,sensitive,sensitive,sensitive,sensitive,resistant,resistant
27282,SPT53694,2018,True,1262,,Kenya,KE,Kilifi,Kilifi,sensitive,sensitive,undetermined,undetermined,resistant,resistant
27383,SPT53796,2018,True,1262,,Kenya,KE,Kilifi,Kilifi,sensitive,sensitive,sensitive,sensitive,resistant,resistant
27348,SPT53761,2018,True,1262,,Kenya,KE,Kilifi,Kilifi,sensitive,sensitive,undetermined,undetermined,resistant,resistant
26123,SPT50692,2018,True,1132,,Kenya,KE,Kilifi,Kilifi,sensitive,sensitive,sensitive,sensitive,resistant,resistant
27401,SPT53815,2018,True,1262,,Kenya,KE,Kilifi,Kilifi,sensitive,sensitive,sensitive,sensitive,resistant,resistant
27476,SPT53891,2018,True,1262,,Kenya,KE,Kilifi,Kilifi,sensitive,sensitive,sensitive,sensitive,resistant,resistant
26366,SPT50951,2018,True,1132,,Kenya,KE,Kilifi,Kilifi,sensitive,undetermined,sensitive,sensitive,resistant,resistant
25891,SPT50455,2018,True,1132,,Kenya,KE,Kilifi,Kilifi,sensitive,sensitive,undetermined,undetermined,resistant,resistant
27373,SPT53786,2018,True,1262,,Kenya,KE,Kilifi,Kilifi,sensitive,sensitive,sensitive,sensitive,resistant,resistant
27430,SPT53844,2018,True,1262,,Kenya,KE,Kilifi,Kilifi,sensitive,sensitive,sensitive,sensitive,resistant,resistant
27377,SPT53790,2018,True,1262,,Kenya,KE,Kilifi,Kilifi,sensitive,sensitive,sensitive,sensitive,resistant,resistant
26202,SPT50771,2018,True,1132,,Kenya,KE,Kilifi,Kilifi,sensitive,sensitive,undetermined,undetermined,resistant,resistant
27445,SPT53860,2018,True,1262,,Kenya,KE,Kilifi,Kilifi,sensitive,sensitive,sensitive,sensitive,resistant,resistant
27403,SPT53817,2018,True,1262,,Kenya,KE,Kilifi,Kilifi,sensitive,sensitive,sensitive,sensitive,resistant,resistant
27469,SPT53884,2018,True,1262,,Kenya,KE,Kilifi,Kilifi,sensitive,sensitive,sensitive,sensitive,resistant,resistant
25874,SPT50438,2018,True,1132,,Kenya,KE,Kilifi,Kilifi,sensitive,sensitive,sensitive,sensitive,resistant,resistant
27453,SPT53868,2018,True,1262,,Kenya,KE,Kilifi,Kilifi,sensitive,sensitive,undetermined,sensitive,resistant,resistant
27399,SPT53813,2018,True,1262,,Kenya,KE,Kilifi,Kilifi,sensitive,sensitive,sensitive,sensitive,resistant,resistant
27308,SPT53720,2018,True,1262,,Kenya,KE,Kilifi,Kilifi,sensitive,sensitive,sensitive,sensitive,resistant,resistant
25530,SPT46513,2019,True,1263,,Tanzania,TZ,Pwani,Pwani,sensitive,sensitive,sensitive,sensitive,resistant,resistant
28596,SPT66930,2019,True,1132,,Kenya,KE,Kilifi,Kilifi,sensitive,sensitive,sensitive,sensitive,resistant,resistant
28740,SPT67076,2019,True,1132,,Kenya,KE,Kilifi,Kilifi,sensitive,sensitive,sensitive,sensitive,resistant,resistant
25146,SPT46094,2019,True,1263,,Tanzania,TZ,Pwani,Pwani,sensitive,sensitive,undetermined,undetermined,resistant,resistant
25195,SPT46149,2019,True,1263,,Tanzania,TZ,Pwani,Pwani,sensitive,sensitive,undetermined,undetermined,resistant,resistant
28654,SPT66989,2019,True,1132,,Kenya,KE,Kilifi,Kilifi,sensitive,sensitive,sensitive,sensitive,resistant,undetermined
25406,SPT46380,2019,True,1263,,Tanzania,TZ,Pwani,Pwani,undetermined,sensitive,undetermined,undetermined,undetermined,resistant
25290,SPT46259,2019,True,1263,,Tanzania,TZ,Pwani,Pwani,sensitive,sensitive,undetermined,undetermined,resistant,resistant
25454,SPT46433,2019,True,1263,,Tanzania,TZ,Pwani,Pwani,sensitive,sensitive,undetermined,undetermined,resistant,resistant
25376,SPT46349,2019,True,1263,,Tanzania,TZ,Pwani,Pwani,sensitive,sensitive,sensitive,sensitive,resistant,resistant
25529,SPT46512,2019,True,1263,,Tanzania,TZ,Pwani,Pwani,sensitive,sensitive,sensitive,sensitive,resistant,resistant
25462,SPT46442,2019,True,1263,,Tanzania,TZ,Pwani,Pwani,sensitive,sensitive,undetermined,sensitive,resistant,resistant
28779,SPT67115,2019,True,1132,,Kenya,KE,Kilifi,Kilifi,sensitive,sensitive,sensitive,sensitive,resistant,resistant
25324,SPT46293,2019,True,1263,,Tanzania,TZ,Pwani,Pwani,sensitive,sensitive,sensitive,sensitive,resistant,resistant
25513,SPT46495,2019,True,1263,,Tanzania,TZ,Pwani,Pwani,sensitive,sensitive,sensitive,sensitive,resistant,resistant
25322,SPT46291,2019,True,1263,,Tanzania,TZ,Pwani,Pwani,sensitive,sensitive,sensitive,sensitive,resistant,resistant
28799,SPT67135,2019,True,1132,,Kenya,KE,Kilifi,Kilifi,sensitive,sensitive,undetermined,undetermined,resistant,undetermined
25317,SPT46286,2019,True,1263,,Tanzania,TZ,Pwani,Pwani,undetermined,sensitive,sensitive,sensitive,resistant,resistant
28767,SPT67103,2019,True,1132,,Kenya,KE,Kilifi,Kilifi,sensitive,sensitive,sensitive,sensitive,resistant,resistant
25534,SPT46517,2019,True,1263,,Tanzania,TZ,Pwani,Pwani,undetermined,sensitive,undetermined,undetermined,resistant,resistant
25501,SPT46482,2019,True,1263,,Tanzania,TZ,Pwani,Pwani,sensitive,sensitive,sensitive,sensitive,resistant,resistant
28742,SPT67078,2019,True,1132,,Kenya,KE,Kilifi,Kilifi,sensitive,sensitive,undetermined,undetermined,resistant,resistant
25525,SPT46508,2019,True,1263,,Tanzania,TZ,Pwani,Pwani,sensitive,sensitive,sensitive,sensitive,resistant,resistant
25191,SPT46144,2019,True,1263,,Tanzania,TZ,Pwani,Pwani,sensitive,sensitive,sensitive,sensitive,resistant,resistant
28832,SPT67168,2019,True,1132,,Kenya,KE,Kilifi,Kilifi,sensitive,sensitive,undetermined,sensitive,resistant,resistant
25162,SPT46112,2019,True,1263,,Tanzania,TZ,Pwani,Pwani,sensitive,sensitive,sensitive,sensitive,resistant,resistant
28825,SPT67161,2019,True,1132,,Kenya,KE,Kilifi,Kilifi,sensitive,sensitive,sensitive,sensitive,resistant,resistant
25315,SPT46284,2019,True,1263,,Tanzania,TZ,Pwani,Pwani,sensitive,sensitive,undetermined,undetermined,resistant,resistant
25565,SPT46552,2019,True,1263,,Tanzania,TZ,Pwani,Pwani,sensitive,sensitive,sensitive,sensitive,resistant,resistant
27530,SPT53946,2019,True,1262,,Kenya,KE,Kilifi,Kilifi,sensitive,sensitive,sensitive,sensitive,resistant,resistant
25341,SPT46313,2019,True,1263,,Tanzania,TZ,Pwani,Pwani,sensitive,sensitive,sensitive,sensitive,resistant,undetermined
28818,SPT67154,2019,True,1132,,Kenya,KE,Kilifi,Kilifi,sensitive,sensitive,undetermined,undetermined,resistant,resistant
25474,SPT46454,2019,True,1263,,Tanzania,TZ,Pwani,Pwani,sensitive,sensitive,undetermined,undetermined,resistant,resistant
25336,SPT46308,2019,True,1263,,Tanzania,TZ,Pwani,Pwani,sensitive,sensitive,sensitive,sensitive,resistant,resistant
25250,SPT46210,2019,True,1263,,Tanzania,TZ,Pwani,Pwani,sensitive,sensitive,undetermined,undetermined,resistant,sensitive
28626,SPT66960,2019,True,1132,,Kenya,KE,Kilifi,Kilifi,sensitive,sensitive,sensitive,sensitive,resistant,resistant
25295,SPT46264,2019,True,1263,,Tanzania,TZ,Pwani,Pwani,sensitive,sensitive,undetermined,undetermined,resistant,sensitive
28659,SPT66994,2019,True,1132,,Kenya,KE,Kilifi,Kilifi,sensitive,sensitive,sensitive,sensitive,resistant,undetermined
28784,SPT67120,2019,True,1132,,Kenya,KE,Kilifi,Kilifi,sensitive,sensitive,sensitive,sensitive,resistant,resistant
28790,SPT67126,2019,True,1132,,Kenya,KE,Kilifi,Kilifi,sensitive,sensitive,undetermined,undetermined,resistant,resistant
25194,SPT46148,2019,True,1263,,Tanzania,TZ,Pwani,Pwani,sensitive,sensitive,undetermined,undetermined,resistant,undetermined
25274,SPT46239,2019,True,1263,,Tanzania,TZ,Pwani,Pwani,sensitive,sensitive,undetermined,undetermined,resistant,resistant
28585,SPT66919,2019,True,1132,,Kenya,KE,Kilifi,Kilifi,sensitive,sensitive,sensitive,sensitive,resistant,resistant
25136,SPT46081,2019,True,1263,,Tanzania,TZ,Pwani,Pwani,undetermined,sensitive,undetermined,undetermined,sensitive,sensitive
25550,SPT46535,2019,True,1263,,Tanzania,TZ,Pwani,Pwani,sensitive,sensitive,undetermined,undetermined,resistant,resistant
25430,SPT46405,2019,True,1263,,Tanzania,TZ,Pwani,Pwani,sensitive,sensitive,sensitive,sensitive,resistant,resistant
25423,SPT46397,2019,True,1263,,Tanzania,TZ,Pwani,Pwani,sensitive,sensitive,undetermined,undetermined,resistant,resistant
27511,SPT53926,2019,True,1262,,Kenya,KE,Kilifi,Kilifi,sensitive,sensitive,sensitive,sensitive,resistant,resistant
28572,SPT66906,2019,True,1132,,Kenya,KE,Kilifi,Kilifi,sensitive,sensitive,sensitive,sensitive,resistant,resistant
25389,SPT46362,2019,True,1263,,Tanzania,TZ,Pwani,Pwani,sensitive,sensitive,undetermined,undetermined,resistant,resistant
25293,SPT46262,2019,True,1263,,Tanzania,TZ,Pwani,Pwani,sensitive,sensitive,undetermined,undetermined,resistant,sensitive
28826,SPT67162,2019,True,1132,,Kenya,KE,Kilifi,Kilifi,sensitive,sensitive,sensitive,sensitive,resistant,resistant
28777,SPT67113,2019,True,1132,,Kenya,KE,Kilifi,Kilifi,sensitive,sensitive,sensitive,sensitive,resistant,resistant
25404,SPT46378,2019,True,1263,,Tanzania,TZ,Pwani,Pwani,sensitive,sensitive,sensitive,sensitive,resistant,resistant
25177,SPT46128,2019,True,1263,,Tanzania,TZ,Pwani,Pwani,sensitive,sensitive,sensitive,sensitive,resistant,resistant
25521,SPT46504,2019,True,1263,,Tanzania,TZ,Pwani,Pwani,sensitive,sensitive,sensitive,sensitive,resistant,resistant
25514,SPT46496,2019,True,1263,,Tanzania,TZ,Pwani,Pwani,sensitive,sensitive,undetermined,sensitive,resistant,resistant
25464,SPT46444,2019,True,1263,,Tanzania,TZ,Pwani,Pwani,sensitive,sensitive,sensitive,undetermined,resistant,resistant
25170,SPT46121,2019,True,1263,,Tanzania,TZ,Pwani,Pwani,sensitive,sensitive,sensitive,undetermined,resistant,resistant
25386,SPT46359,2019,True,1263,,Tanzania,TZ,Pwani,Pwani,undetermined,sensitive,undetermined,undetermined,resistant,resistant
28789,SPT67125,2019,True,1132,,Kenya,KE,Kilifi,Kilifi,sensitive,sensitive,undetermined,undetermined,resistant,resistant
25551,SPT46536,2019,True,1263,,Tanzania,TZ,Pwani,Pwani,sensitive,sensitive,undetermined,sensitive,resistant,resistant
27542,SPT53958,2019,True,1262,,Kenya,KE,Kilifi,Kilifi,sensitive,sensitive,sensitive,sensitive,resistant,resistant
25236,SPT46194,2019,True,1263,,Tanzania,TZ,Pwani,Pwani,sensitive,sensitive,undetermined,undetermined,resistant,resistant
25239,SPT46197,2019,True,1263,,Tanzania,TZ,Pwani,Pwani,sensitive,sensitive,undetermined,undetermined,resistant,resistant
25517,SPT46499,2019,True,1263,,Tanzania,TZ,Pwani,Pwani,sensitive,sensitive,sensitive,sensitive,resistant,resistant
25569,SPT46556,2019,True,1263,,Tanzania,TZ,Pwani,Pwani,sensitive,sensitive,sensitive,sensitive,resistant,resistant
25419,SPT46393,2019,True,1263,,Tanzania,TZ,Pwani,Pwani,sensitive,sensitive,undetermined,undetermined,resistant,resistant
25200,SPT46154,2019,True,1263,,Tanzania,TZ,Pwani,Pwani,sensitive,sensitive,sensitive,sensitive,resistant,sensitive
25230,SPT46187,2019,True,1263,,Tanzania,TZ,Pwani,Pwani,sensitive,sensitive,undetermined,undetermined,resistant,resistant
25269,SPT46234,2019,True,1263,,Tanzania,TZ,Pwani,Pwani,sensitive,sensitive,undetermined,undetermined,resistant,resistant
